tconst	ordering	nconst	category	job	characters
tt0000001	1	nm0000001	self	\N	["Self"]
tt0000001	2	nm0005690	director	\N	\N
tt0000001	3	nm0005690	producer	producer	\N
tt0000001	4	nm0374658	cinematographer	director of photography	\N
tt0000002	1	nm0721526	director	\N	\N
tt0000002	2	nm1335271	composer	\N	\N
tt0000003	1	nm0721526	director	\N	\N
tt0000003	2	nm0721526	writer	\N	\N
tt0000003	3	nm1770680	producer	producer	\N
tt0000003	4	nm0721526	producer	producer	\N
tt0000003	5	nm1335271	composer	\N	\N
tt0000003	6	nm5442200	editor	editor	\N
tt0000004	1	nm0721526	director	\N	\N
tt0000004	2	nm1335271	composer	\N	\N
tt0000005	1	nm0443482	actor	\N	["Blacksmith"]
tt0000005	2	nm0653042	actor	\N	["Assistant"]
tt0000005	3	nm0249379	producer	producer	\N
tt0000007	1	nm0179163	actor	\N	\N
tt0000007	2	nm0183947	actor	\N	\N
tt0000007	3	nm0005690	director	\N	\N
tt0000007	4	nm0374658	director	\N	\N
tt0000007	5	nm0005690	producer	producer	\N
tt0000007	6	nm0249379	producer	producer	\N
tt0000007	7	nm0374658	cinematographer	\N	\N
tt0000008	1	nm0653028	actor	\N	["Sneezing Man"]
tt0000008	2	nm0005690	director	\N	\N
tt0000008	3	nm0005690	producer	producer	\N
tt0000008	4	nm0374658	cinematographer	\N	\N
tt0000009	1	nm0063086	actress	\N	["Miss Geraldine Holbrook (Miss Jerry)"]
tt0000009	2	nm0183823	actor	\N	["Mr. Hamilton"]
tt0000009	3	nm1309758	actor	\N	["Chauncey Depew - the Director of the New York Central Railroad"]
tt0000009	4	nm0085156	director	\N	\N
tt0000009	5	nm0085156	writer	\N	\N
tt0000009	6	nm0085156	producer	producer	\N
tt0000009	7	nm0085156	cinematographer	\N	\N
tt0000010	1	nm0525910	director	\N	\N
tt0000010	2	nm0525910	producer	producer	\N
tt0000010	3	nm0525910	cinematographer	\N	\N
tt0000011	1	nm3692297	actor	\N	["Acrobats"]
tt0000011	2	nm0804434	director	\N	\N
tt0000011	3	nm0804434	producer	producer	\N
tt0000011	4	nm0804434	cinematographer	\N	\N
tt0000012	1	nm2880396	self	\N	["Self"]
tt0000012	2	nm9735580	self	\N	["Self"]
tt0000012	3	nm0525900	self	\N	["Self"]
tt0000012	4	nm9735581	self	\N	["Self"]
tt0000012	5	nm9735579	self	\N	["Self"]
tt0000012	6	nm9653419	self	\N	["Self"]
tt0000012	7	nm0525908	director	\N	\N
tt0000012	8	nm0525910	director	\N	\N
tt0000012	9	nm0525908	producer	producer	\N
tt0000012	10	nm0525910	producer	producer	\N
tt0000012	11	nm0525910	cinematographer	\N	\N
tt0000013	1	nm0525908	self	\N	["Self"]
tt0000013	2	nm1715062	self	\N	["Self"]
tt0000013	3	nm0525910	director	\N	\N
tt0000013	4	nm0525910	producer	producer	\N
tt0000013	5	nm0525910	cinematographer	\N	\N
tt0000014	1	nm0166380	actor	\N	["The Gardener"]
tt0000014	2	nm0244989	actor	\N	["The Boy"]
tt0000014	3	nm0525910	director	\N	\N
tt0000014	4	nm0525910	producer	producer	\N
tt0000014	5	nm0525910	cinematographer	\N	\N
tt0000015	1	nm0721526	director	\N	\N
tt0000015	2	nm0721526	writer	\N	\N
tt0000015	3	nm1335271	composer	\N	\N
tt0000016	1	nm0525900	self	\N	["Self (on the pier)"]
tt0000016	2	nm9735581	self	\N	["Self (on the pier)"]
tt0000016	3	nm0525910	director	\N	\N
tt0000016	4	nm0525910	producer	producer	\N
tt0000016	5	nm0525910	cinematographer	\N	\N
tt0000017	1	nm3691272	actor	\N	["The boy"]
tt0000017	2	nm3692829	actress	\N	["The girl"]
tt0000017	3	nm1587194	director	\N	\N
tt0000017	4	nm0804434	director	\N	\N
tt0000017	5	nm0804434	cinematographer	\N	\N
tt0000018	1	nm3692071	actor	\N	["The Boxer"]
tt0000018	2	nm0804434	director	\N	\N
tt0000018	3	nm0804434	producer	producer	\N
tt0000018	4	nm0804434	cinematographer	\N	\N
tt0000019	1	nm0932055	director	\N	\N
tt0000019	2	nm0932055	producer	producer	\N
tt0000019	3	nm0932055	cinematographer	\N	\N
tt0000020	1	nm0010291	director	\N	\N
tt0000020	2	nm0010291	producer	producer	\N
tt0000020	3	nm0666972	producer	producer	\N
tt0000020	4	nm0010291	cinematographer	\N	\N
tt0000022	1	nm0525910	director	\N	\N
tt0000022	2	nm0525910	producer	producer	\N
tt0000022	3	nm0525910	cinematographer	\N	\N
tt0000023	1	nm0525910	director	\N	\N
tt0000023	2	nm0525910	producer	producer	\N
tt0000023	3	nm0525910	cinematographer	\N	\N
tt0000024	1	nm0256651	self	\N	["Self - Empress of Gemany"]
tt0000024	2	nm0435118	self	\N	["Self - Emperor of Germany"]
tt0000024	3	nm0010291	director	\N	\N
tt0000024	4	nm0010291	producer	producer	\N
tt0000024	5	nm0666972	producer	producer	\N
tt0000024	6	nm0010291	cinematographer	\N	\N
tt0000025	1	nm0010291	director	\N	\N
tt0000025	2	nm0010291	producer	producer	\N
tt0000025	3	nm0666972	producer	producer	\N
tt0000025	4	nm0010291	cinematographer	\N	\N
tt0000026	1	nm2350007	actor	\N	["Valet"]
tt0000026	2	nm0525907	actor	\N	["Man playing cards, seated on the left"]
tt0000026	3	nm1151424	actor	\N	["Man playing cards, seated on the right"]
tt0000026	4	nm2354154	actor	\N	["Man playing cards, seated in the middle"]
tt0000026	5	nm0525910	director	\N	\N
tt0000026	6	nm0525910	producer	producer	\N
tt0000027	1	nm0525910	director	\N	\N
tt0000027	2	nm0525910	producer	producer	\N
tt0000027	3	nm0525910	cinematographer	\N	\N
tt0000028	1	nm2350838	self	\N	["Self"]
tt0000028	2	nm0525908	self	\N	["Self"]
tt0000028	3	nm0525910	director	\N	\N
tt0000028	4	nm0525910	producer	producer	\N
tt0000028	5	nm0525910	cinematographer	\N	\N
tt0000029	1	nm0525908	self	\N	["Self"]
tt0000029	2	nm0525900	self	\N	["Self"]
tt0000029	3	nm2350838	self	\N	["Self"]
tt0000029	4	nm0525910	director	\N	\N
tt0000029	5	nm0525910	producer	producer	\N
tt0000029	6	nm0525910	cinematographer	\N	\N
tt0000030	1	nm0010291	director	\N	\N
tt0000030	2	nm0666972	director	\N	\N
tt0000030	3	nm0010291	producer	producer	\N
tt0000030	4	nm0666972	producer	producer	\N
tt0000030	5	nm0010291	cinematographer	\N	\N
tt0000030	6	nm0666972	cinematographer	\N	\N
tt0000031	1	nm0525910	director	\N	\N
tt0000031	2	nm0525910	producer	producer	\N
tt0000031	3	nm0525910	cinematographer	\N	\N
tt0000032	1	nm3692479	actress	\N	["The dancer"]
tt0000032	2	nm0804434	director	\N	\N
tt0000032	3	nm0804434	producer	producer	\N
tt0000032	4	nm0804434	cinematographer	\N	\N
tt0000033	1	nm0525910	director	\N	\N
tt0000033	2	nm0525910	producer	producer	\N
tt0000033	3	nm0525910	cinematographer	\N	\N
tt0000034	1	nm0617588	director	\N	\N
tt0000034	2	nm0617588	producer	producer	\N
tt0000035	1	nm0617588	director	\N	\N
tt0000035	2	nm0617588	producer	producer	\N
tt0000036	1	nm0420198	actor	\N	["Rip Van Winkle"]
tt0000036	2	nm0005690	director	\N	\N
tt0000036	3	nm0005658	cinematographer	\N	\N
tt0000037	1	nm0617588	director	\N	\N
tt0000038	1	nm2960633	self	\N	["Self - First baseman"]
tt0000038	2	nm0340719	self	\N	["Self"]
tt0000038	3	nm2958402	self	\N	["Self"]
tt0000038	4	nm0374658	director	\N	\N
tt0000038	5	nm0374658	cinematographer	\N	\N
tt0000039	1	nm0666972	producer	producer	\N
tt0000040	1	nm0617588	director	\N	\N
tt0000041	1	nm0525910	director	\N	\N
tt0000041	2	nm0525908	producer	producer	\N
tt0000041	3	nm0525910	producer	producer	\N
tt0000042	1	nm0617588	director	\N	\N
tt0000042	2	nm0617588	producer	producer	\N
tt0000043	1	nm0617588	director	\N	\N
tt0000044	1	nm0617588	director	\N	\N
tt0000045	1	nm0617588	director	\N	\N
tt0000045	2	nm0617588	producer	producer	\N
tt0000046	1	nm0617588	director	\N	\N
tt0000046	2	nm0617588	producer	producer	\N
tt0000047	1	nm0617588	director	\N	\N
tt0000047	2	nm0617588	producer	producer	\N
tt0000048	1	nm0010291	director	\N	\N
tt0000049	1	nm0010291	director	\N	\N
tt0000050	1	nm3029234	self	\N	["Self"]
tt0000050	2	nm0617588	director	\N	\N
tt0000050	3	nm0617588	producer	producer	\N
tt0000051	1	nm0617588	director	\N	\N
tt0000052	1	nm0895515	director	\N	\N
tt0000052	2	nm0895515	producer	producer	\N
tt0000052	3	nm0895515	cinematographer	\N	\N
tt0000052	4	nm1729239	cinematographer	\N	\N
tt0000053	1	nm0684607	director	\N	\N
tt0000054	1	nm0617588	director	\N	\N
tt0000055	1	nm0617588	director	\N	\N
tt0000056	1	nm0795060	director	\N	\N
tt0000057	1	nm0874739	self	\N	["Self (Tsar of Russia)"]
tt0000057	2	nm0874746	self	\N	["Self (Tsarina of Russia)"]
tt0000057	3	nm0617588	director	\N	\N
tt0000058	1	nm0874739	self	\N	["Self (Tsar of Russia)"]
tt0000058	2	nm0617588	director	\N	\N
tt0000059	1	nm0617588	director	\N	\N
tt0000060	1	nm0005690	director	\N	\N
tt0000060	2	nm0005658	cinematographer	\N	\N
tt0000061	1	nm4007970	actress	\N	\N
tt0000061	2	nm0010291	director	\N	\N
tt0000061	3	nm0666972	producer	producer	\N
tt0000062	1	nm0617588	director	\N	\N
tt0000063	1	nm0617588	actor	\N	["Georges Méliès"]
tt0000063	2	nm0617588	director	\N	\N
tt0000064	1	nm0617588	actor	\N	["Lightening Sketch Artist"]
tt0000064	2	nm0617588	director	\N	\N
tt0000065	1	nm0617588	actor	\N	["Lightening Sketch Artist"]
tt0000065	2	nm0617588	director	\N	\N
tt0000066	1	nm0617588	actor	\N	["Lightening Sketch Artist"]
tt0000066	2	nm0617588	director	\N	\N
tt0000067	1	nm0617588	director	\N	\N
tt0000068	1	nm0617588	director	\N	\N
tt0000069	1	nm0617588	director	\N	\N
tt0000069	2	nm0617588	producer	producer	\N
tt0000070	1	nm0525908	actor	\N	\N
tt0000070	2	nm0525910	director	\N	\N
tt0000070	3	nm0525910	producer	producer	\N
tt0000070	4	nm0525910	cinematographer	\N	\N
tt0000071	1	nm0617588	director	\N	\N
tt0000072	1	nm0617588	director	\N	\N
tt0000073	1	nm0617588	director	\N	\N
tt0000074	1	nm0617588	director	\N	\N
tt0000075	1	nm0194945	actress	\N	["Woman"]
tt0000075	2	nm0617588	actor	\N	["Magician"]
tt0000075	3	nm0617588	director	\N	\N
tt0000075	4	nm0617588	producer	producer	\N
tt0000075	5	nm0617588	editor	\N	\N
tt0000075	6	nm0617588	production_designer	\N	\N
tt0000076	1	nm0420198	actor	\N	["Rip Van Winkle"]
tt0000076	2	nm0005690	director	\N	\N
tt0000076	3	nm0005658	cinematographer	\N	\N
tt0000077	1	nm0617588	director	\N	\N
tt0000078	1	nm0234288	director	\N	\N
tt0000078	2	nm0234288	producer	producer	\N
tt0000078	3	nm0234288	cinematographer	\N	\N
tt0000079	1	nm0617588	director	\N	\N
tt0000080	1	nm0617588	director	\N	\N
tt0000081	1	nm0617588	director	\N	\N
tt0000082	1	nm0005690	director	\N	\N
tt0000082	2	nm0005658	cinematographer	\N	\N
tt0000083	1	nm0617588	director	\N	\N
tt0000084	1	nm0617588	director	\N	\N
tt0000085	1	nm0617588	director	\N	\N
tt0000086	1	nm0617588	director	\N	\N
tt0000087	1	nm0617588	director	\N	\N
tt0000088	1	nm0617588	director	\N	\N
tt0000089	1	nm0525908	director	\N	\N
tt0000089	2	nm0698645	director	\N	\N
tt0000089	3	nm0525908	producer	producer	\N
tt0000089	4	nm0525910	producer	producer	\N
tt0000089	5	nm0698645	cinematographer	\N	\N
tt0000090	1	nm0617588	director	\N	\N
tt0000091	1	nm0194945	actress	\N	["Young woman"]
tt0000091	2	nm6170115	actor	\N	["Mephistopheles"]
tt0000091	3	nm0617588	actor	\N	["Mephistopheles"]
tt0000091	4	nm0617588	director	\N	\N
tt0000091	5	nm0617588	writer	\N	\N
tt0000091	6	nm0617588	producer	producer	\N
tt0000091	7	nm0617588	production_designer	\N	\N
tt0000092	1	nm0617588	director	\N	\N
tt0000093	1	nm0525908	director	\N	\N
tt0000093	2	nm0525910	director	\N	\N
tt0000094	1	nm9513675	self	\N	["Self"]
tt0000094	2	nm0617588	director	\N	\N
tt0000095	1	nm0617588	director	\N	\N
tt0000096	1	nm0617588	director	\N	\N
tt0000097	1	nm0617588	director	\N	\N
tt0000098	1	nm0617588	director	\N	\N
tt0000099	1	nm0617588	director	\N	\N
tt0000100	1	nm0617588	director	\N	\N
tt0000101	1	nm0617588	director	\N	\N
tt0000102	1	nm0617588	director	\N	\N
tt0000103	1	nm0617588	director	\N	\N
tt0000104	1	nm0525910	producer	producer	\N
tt0000105	1	nm0617588	director	\N	\N
tt0000106	1	nm0617588	director	\N	\N
tt0000107	1	nm0617588	director	\N	\N
tt0000108	1	nm0420198	actor	\N	["Rip Van Winkle"]
tt0000108	2	nm0005658	cinematographer	\N	\N
tt0000109	1	nm0420198	actor	\N	["Rip Van Winkle"]
tt0000109	2	nm0005690	director	\N	\N
tt0000109	3	nm0005658	cinematographer	\N	\N
tt0000110	1	nm0420198	actor	\N	["Rip Van Winkle"]
tt0000110	2	nm0005690	director	\N	\N
tt0000110	3	nm0005658	cinematographer	\N	\N
tt0000111	1	nm0420198	actor	\N	["Rip Van Winkle"]
tt0000111	2	nm0005658	cinematographer	\N	\N
tt0000112	1	nm0420198	actor	\N	["Rip Van Winkle"]
tt0000112	2	nm0005690	director	\N	\N
tt0000112	3	nm0005658	cinematographer	\N	\N
tt0000113	1	nm0420198	actor	\N	["Rip Van Winkle"]
tt0000113	2	nm0005658	cinematographer	\N	\N
tt0000114	1	nm0617588	director	\N	\N
tt0000115	1	nm0617588	director	\N	\N
tt0000116	1	nm0617588	director	\N	\N
tt0000117	1	nm0234288	director	\N	\N
tt0000117	2	nm0234288	producer	producer	\N
tt0000117	3	nm0234288	cinematographer	\N	\N
tt0000118	1	nm0617588	director	\N	\N
tt0000119	1	nm0617588	director	\N	\N
tt0000120	1	nm0617588	director	\N	\N
tt0000121	1	nm0832461	actor	\N	["The Soldier"]
tt0000121	2	nm0780534	actress	\N	["The Girl"]
tt0000121	3	nm5718242	actress	\N	["The Woman"]
tt0000121	4	nm0609678	director	\N	\N
tt0000121	5	nm0666972	producer	producer	\N
tt0000122	1	nm0617588	director	\N	\N
tt0000123	1	nm0617588	self	\N	["Self (stage magician)"]
tt0000123	2	nm0617588	director	\N	\N
tt0000124	1	nm0617588	director	\N	\N
tt0000125	1	nm0666972	producer	producer	\N
tt0000126	1	nm0617588	director	\N	\N
tt0000127	1	nm0617588	director	\N	\N
tt0000128	1	nm0617588	director	\N	\N
tt0000129	1	nm0617588	director	\N	\N
tt0000130	1	nm0617588	director	\N	\N
tt0000131	1	nm0617588	actor	\N	["L'homme qui essaie de dormir"]
tt0000131	2	nm0617588	director	\N	\N
tt0000131	3	nm0617588	producer	producer	\N
tt0000132	1	nm9342429	actress	\N	["La Serveuse"]
tt0000132	2	nm0577734	actor	\N	["Un joueur de cartes"]
tt0000132	3	nm0617588	actor	\N	["Un joueur de cartes"]
tt0000132	4	nm3029234	actress	\N	["La petite fille"]
tt0000132	5	nm0617588	writer	\N	\N
tt0000133	1	nm0617588	director	\N	\N
tt0000135	1	nm0005690	director	\N	\N
tt0000135	2	nm0005658	cinematographer	\N	\N
tt0000137	1	nm0349785	director	\N	\N
tt0000138	1	nm0617588	actor	\N	["Inn Guest"]
tt0000139	1	nm0349785	director	\N	\N
tt0000140	1	nm0349785	director	\N	\N
tt0000141	1	nm0349785	director	\N	\N
tt0000142	1	nm0168621	actor	\N	\N
tt0000142	2	nm0924920	director	\N	\N
tt0000142	3	nm0374658	cinematographer	\N	\N
tt0000143	1	nm0349785	director	\N	\N
tt0000144	1	nm0349785	director	\N	\N
tt0000145	1	nm0349785	director	\N	\N
tt0000146	1	nm0349785	director	\N	\N
tt0000147	1	nm0179163	self	\N	["Self"]
tt0000147	2	nm0280615	self	\N	["Self"]
tt0000147	3	nm4082222	self	\N	["Self - Sullivan's Manager"]
tt0000147	4	nm4081458	self	\N	["Self - Referee"]
tt0000147	5	nm2256592	self	\N	["Self - Master of Ceremonies"]
tt0000147	6	nm0714557	director	\N	\N
tt0000147	7	nm0103755	producer	producer	\N
tt0000147	8	nm0714557	cinematographer	\N	\N
tt0000148	1	nm0349785	director	\N	\N
tt0000149	1	nm0617588	director	\N	\N
tt0000150	1	nm0349785	director	\N	\N
tt0000151	1	nm0194945	actress	\N	\N
tt0000151	2	nm0617588	director	\N	\N
tt0000152	1	nm0617588	actor	\N	\N
tt0000152	2	nm0617588	director	\N	\N
tt0000152	3	nm0617588	producer	producer	\N
tt0000153	1	nm0808310	director	\N	\N
tt0000153	2	nm0808310	producer	producer	\N
tt0000154	1	nm0010291	director	\N	\N
tt0000155	1	nm0617588	director	\N	\N
tt0000156	1	nm0617588	director	\N	\N
tt0000157	1	nm0349785	director	\N	\N
tt0000158	1	nm0349785	director	\N	\N
tt0000159	1	nm0617588	director	\N	\N
tt0000159	2	nm0617588	producer	producer	\N
tt0000160	1	nm0095816	director	\N	\N
tt0000160	2	nm0666972	producer	producer	\N
tt0000161	1	nm0349785	director	\N	\N
tt0000162	1	nm0698645	director	\N	\N
tt0000162	2	nm0525908	producer	producer	\N
tt0000162	3	nm0525910	producer	producer	\N
tt0000162	4	nm0698645	cinematographer	\N	\N
tt0000163	1	nm0349785	director	\N	\N
tt0000164	1	nm0349785	director	\N	\N
tt0000165	1	nm0024876	actor	\N	\N
tt0000165	2	nm0278321	actor	\N	\N
tt0000165	3	nm0005717	actor	\N	\N
tt0000165	4	nm0556371	actor	\N	\N
tt0000165	5	nm0563758	actor	\N	\N
tt0000165	6	nm0005717	director	\N	\N
tt0000165	7	nm0005717	writer	screenplay	\N
tt0000165	8	nm0083196	cinematographer	\N	\N
tt0000166	1	nm0005717	director	\N	\N
tt0000166	2	nm0005717	cinematographer	\N	\N
tt0000167	1	nm0422809	director	\N	\N
tt0000167	2	nm0422809	cinematographer	\N	\N
tt0000168	1	nm0005717	director	\N	\N
tt0000168	2	nm0005717	cinematographer	\N	\N
tt0000169	1	nm0698645	director	\N	\N
tt0000169	2	nm0677318	producer	producer	\N
tt0000169	3	nm0698645	cinematographer	\N	\N
tt0000170	1	nm0666972	director	\N	\N
tt0000170	2	nm0666972	producer	producer	\N
tt0000171	1	nm0349785	director	\N	\N
tt0000172	1	nm0809419	actress	\N	\N
tt0000172	2	nm0338379	actor	\N	["Professor"]
tt0000172	3	nm0808310	director	\N	\N
tt0000172	4	nm0808310	producer	producer	\N
tt0000173	1	nm0085865	director	\N	\N
tt0000174	1	nm0841389	actor	\N	["Sausage Vendor"]
tt0000174	2	nm1024447	actor	\N	["Sticker"]
tt0000174	3	nm0471818	director	\N	\N
tt0000174	4	nm0841389	writer	story	\N
tt0000174	5	nm0471818	cinematographer	\N	\N
tt0000175	1	nm0795060	director	\N	\N
tt0000175	2	nm0666972	producer	producer	\N
tt0000175	3	nm0795060	cinematographer	\N	\N
tt0000176	1	nm0666972	producer	producer	\N
tt0000177	1	nm0085865	actor	\N	["The Burglar"]
tt0000177	2	nm0085865	director	\N	\N
tt0000177	3	nm0807236	cinematographer	\N	\N
tt0000178	1	nm0692105	director	\N	\N
tt0000179	1	nm0617588	director	\N	\N
tt0000179	2	nm0617588	producer	producer	\N
tt0000180	1	nm0349785	director	\N	\N
tt0000181	1	nm0809419	actress	\N	["Cinderella"]
tt0000181	2	nm0808310	director	\N	\N
tt0000181	3	nm0674518	writer	story "Cendrillon"	\N
tt0000181	4	nm0808310	producer	producer	\N
tt0000182	1	nm0666972	director	\N	\N
tt0000182	2	nm0666972	producer	producer	\N
tt0000183	1	nm0808310	director	\N	\N
tt0000183	2	nm0241416	writer	novel	\N
tt0000183	3	nm0808310	producer	producer	\N
tt0000184	1	nm0924920	director	\N	\N
tt0000184	2	nm0924920	producer	producer	\N
tt0000185	1	nm0349785	director	\N	\N
tt0000186	1	nm0617588	director	\N	\N
tt0000187	1	nm0349785	director	\N	\N
tt0000188	1	nm0666972	director	\N	\N
tt0000188	2	nm0666972	producer	producer	\N
tt0000189	1	nm0005717	director	\N	\N
tt0000189	2	nm0005717	writer	writer	\N
tt0000189	3	nm0005717	cinematographer	\N	\N
tt0000190	1	nm0841389	actor	\N	["Old Philanderer"]
tt0000190	2	nm1024447	actor	\N	["Man with Broom"]
tt0000190	3	nm0471818	director	\N	\N
tt0000190	4	nm0841389	writer	screenplay	\N
tt0000190	5	nm0471818	cinematographer	\N	\N
tt0000191	1	nm0349785	director	\N	\N
tt0000192	1	nm0518132	self	\N	["Self"]
tt0000192	2	nm0924920	director	\N	\N
tt0000192	3	nm0238900	writer	novel "Trilby"	\N
tt0000192	4	nm0374658	cinematographer	\N	\N
tt0000193	1	nm0349785	director	\N	\N
tt0000194	1	nm0378408	director	\N	\N
tt0000194	2	nm0378408	producer	producer	\N
tt0000194	3	nm0378408	cinematographer	\N	\N
tt0000195	1	nm0349785	director	\N	\N
tt0000196	1	nm0808310	director	\N	\N
tt0000196	2	nm0324473	writer	novel	\N
tt0000196	3	nm0808310	producer	producer	\N
tt0000197	1	nm0349785	director	\N	\N
tt0000198	1	nm0349785	director	\N	\N
tt0000199	1	nm0666972	producer	producer	\N
tt0000200	1	nm1380868	self	\N	["Self"]
tt0000201	1	nm0168621	self	\N	["Self"]
tt0000201	2	nm0005690	director	\N	\N
tt0000201	3	nm0249379	producer	producer	\N
tt0000202	1	nm0349785	director	\N	\N
tt0000203	1	nm0349785	director	\N	\N
tt0000204	1	nm0349785	director	\N	\N
tt0000205	1	nm0349785	director	\N	\N
tt0000206	1	nm0005717	director	\N	\N
tt0000206	2	nm0005717	cinematographer	\N	\N
tt0000207	1	nm0666972	producer	producer	\N
tt0000208	1	nm0808310	director	\N	\N
tt0000208	2	nm0808310	producer	producer	\N
tt0000209	1	nm0808310	director	\N	\N
tt0000209	2	nm0808310	producer	producer	\N
tt0000210	1	nm0617588	actor	\N	\N
tt0000210	2	nm0617588	director	\N	\N
tt0000210	3	nm0617588	producer	producer	\N
tt0000211	1	nm0194945	actress	\N	["Phoebe - la bonne fée"]
tt0000211	2	nm0617588	actor	\N	["L'astronome"]
tt0000212	1	nm0795060	director	\N	\N
tt0000213	1	nm0349785	director	\N	\N
tt0000214	1	nm0085865	actor	\N	["Hand that tears down the Spanish flag"]
tt0000214	2	nm0085865	director	\N	\N
tt0000214	3	nm0085865	producer	producer	\N
tt0000214	4	nm0807236	producer	producer	\N
tt0000214	5	nm0807236	cinematographer	\N	\N
tt0000215	1	nm0841389	actor	\N	\N
tt0000215	2	nm0471818	director	\N	\N
tt0000215	3	nm0841389	writer	writer	\N
tt0000215	4	nm0471818	cinematographer	\N	\N
tt0000216	1	nm1997201	self	\N	["Self"]
tt0000216	2	nm0454367	self	\N	["Self"]
tt0000216	3	nm0005717	director	\N	\N
tt0000216	4	nm0005717	cinematographer	\N	\N
tt0000217	1	nm0808310	director	\N	\N
tt0000217	2	nm0808310	producer	producer	\N
tt0000218	1	nm0617588	actor	\N	["Fernand Labori"]
tt0000218	2	nm0617588	director	\N	\N
tt0000218	3	nm0617588	writer	writer	\N
tt0000218	4	nm0617588	producer	producer	\N
tt0000218	5	nm0617588	cinematographer	\N	\N
tt0000219	1	nm0808310	director	\N	\N
tt0000219	2	nm0808310	producer	producer	\N
tt0000220	1	nm0666972	producer	producer	\N
tt0000221	1	nm0182052	director	\N	\N
tt0000222	1	nm0349785	director	\N	\N
tt0000223	1	nm0349785	director	\N	\N
tt0000224	1	nm0666972	producer	producer	\N
tt0000225	1	nm0207305	writer	story	\N
tt0000226	1	nm0378408	producer	producer	\N
tt0000227	1	nm4427898	director	\N	\N
tt0000227	2	nm0666972	producer	producer	\N
tt0000228	1	nm0349785	director	\N	\N
tt0000229	1	nm0924920	director	\N	\N
tt0000229	2	nm0857203	writer	poem	\N
tt0000229	3	nm0924920	producer	producer	\N
tt0000229	4	nm0595213	composer	composer	\N
tt0000230	1	nm1333156	actress	\N	["Cinderella"]
tt0000230	2	nm0076933	actress	\N	["The Fairy Godmother"]
tt0000230	3	nm1778224	actor	\N	["Prince Charming"]
tt0000230	4	nm0194945	actress	\N	["Fairy Godmother"]
tt0000230	5	nm1778292	actor	\N	["Party Guest"]
tt0000230	6	nm0617588	actor	\N	["Le gnome de la pendule"]
tt0000230	7	nm0617588	actor	\N	["Le suisse à l'entrée de l'église"]
tt0000231	1	nm0666972	producer	producer	\N
tt0000232	1	nm0349785	director	\N	\N
tt0000233	1	nm0005717	director	\N	\N
tt0000233	2	nm0005717	writer	screenplay	\N
tt0000233	3	nm0005717	cinematographer	\N	\N
tt0000234	1	nm0194945	actress	\N	["Cleopatre"]
tt0000234	2	nm0617588	actor	\N	["Tomb Digger"]
tt0000234	3	nm0617588	director	\N	\N
tt0000234	4	nm0617588	producer	producer	\N
tt0000235	1	nm0194945	actress	\N	["Ayesha"]
tt0000235	2	nm0617588	actor	\N	["The Devil"]
tt0000235	3	nm0617588	actor	\N	["The Devil"]
tt0000236	1	nm0349785	director	\N	\N
tt0000237	1	nm0349785	director	\N	\N
tt0000238	1	nm0349785	director	\N	\N
tt0000239	1	nm0298291	self	\N	["Self"]
tt0000239	2	nm0349785	director	\N	\N
tt0000240	1	nm0005658	cinematographer	\N	\N
tt0000240	2	nm0555522	cinematographer	\N	\N
tt0000241	1	nm0349785	director	\N	\N
tt0000242	1	nm0617588	actor	\N	["The Devil"]
tt0000243	1	nm0349785	director	\N	\N
tt0000244	1	nm0349785	director	\N	\N
tt0000245	1	nm0002615	producer	producer	\N
tt0000246	1	nm0617588	actor	\N	["Magician"]
tt0000247	1	nm0002504	actor	\N	["King John"]
tt0000247	2	nm0784327	actor	\N	["Prince Henry"]
tt0000247	3	nm2259742	actor	\N	["Arthur"]
tt0000247	4	nm0924893	actor	\N	["Earl of Pembroke"]
tt0000247	5	nm0177548	actor	\N	["Earl of Salisbury"]
tt0000247	6	nm2261015	actor	\N	["Hubert de Burgh"]
tt0000247	7	nm0909064	actor	\N	["Philip Faulconbridge"]
tt0000247	8	nm1266638	actress	\N	["Constance"]
tt0000247	9	nm2263402	actor	\N	["Philip, King of France"]
tt0000247	10	nm0492774	actor	\N	["Lewis, the Dauphin"]
tt0000247	11	nm2156608	director	\N	\N
tt0000247	12	nm0005690	director	\N	\N
tt0000247	13	nm0002504	director	\N	\N
tt0000247	14	nm0000636	writer	play	\N
tt0000247	15	nm0002504	writer	adaptation	\N
tt0000247	16	nm0744231	composer	composer	\N
tt0000247	17	nm6114857	composer	composer	\N
tt0000247	18	nm0005690	cinematographer	\N	\N
tt0000247	19	nm6010696	production_designer	production_designer	\N
tt0000248	1	nm0809419	actress	\N	["Wife"]
tt0000248	2	nm0808310	actor	\N	["Husband"]
tt0000248	3	nm0808310	director	\N	\N
tt0000248	4	nm0808310	producer	producer	\N
tt0000248	5	nm0808310	cinematographer	\N	\N
tt0000249	1	nm0808310	director	\N	\N
tt0000249	2	nm0808310	producer	producer	\N
tt0000250	1	nm0005717	director	\N	\N
tt0000250	2	nm0005717	cinematographer	\N	\N
tt0000251	1	nm0177862	director	\N	\N
tt0000252	1	nm0349785	director	\N	\N
tt0000253	1	nm0095816	director	\N	\N
tt0000253	2	nm0666972	producer	producer	\N
tt0000254	1	nm0349785	director	\N	\N
tt0000255	1	nm0349785	director	\N	\N
tt0000256	1	nm0005658	cinematographer	\N	\N
tt0000257	1	nm0349785	director	\N	\N
tt0000258	1	nm0349785	director	\N	\N
tt0000259	1	nm0349785	director	\N	\N
tt0000260	1	nm0349785	director	\N	\N
tt0000261	1	nm0617588	actor	\N	["The Sleeping Man"]
tt0000261	2	nm0617588	director	\N	\N
tt0000261	3	nm0617588	producer	producer	\N
tt0000262	1	nm0349785	director	\N	\N
tt0000264	1	nm0617588	actor	\N	["L'illusioniste"]
tt0000264	2	nm0617588	director	\N	\N
tt0000264	3	nm0617588	producer	producer	\N
tt0000265	1	nm0335788	actor	\N	["Chimmie Hicks"]
tt0000265	2	nm0035502	cinematographer	\N	\N
tt0000266	1	nm0035502	cinematographer	\N	\N
tt0000267	1	nm0349785	director	\N	\N
tt0000268	1	nm0349785	director	\N	\N
tt0000269	1	nm0666972	director	\N	\N
tt0000269	2	nm0666972	producer	producer	\N
tt0000270	1	nm0349785	director	\N	\N
tt0000271	1	nm0349785	director	\N	\N
tt0000272	1	nm0808310	director	\N	\N
tt0000272	2	nm0808310	producer	producer	\N
tt0000272	3	nm0808310	cinematographer	\N	\N
tt0000273	1	nm1040375	actor	\N	["The Officer"]
tt0000273	2	nm1894886	actor	\N	["The Missionary"]
tt0000273	3	nm1895457	actress	\N	["The Girl"]
tt0000273	4	nm0932055	director	\N	\N
tt0000273	5	nm0932055	writer	\N	\N
tt0000273	6	nm0932055	producer	producer	\N
tt0000273	7	nm0932055	cinematographer	\N	\N
tt0000274	1	nm0349785	director	\N	\N
tt0000275	1	nm0349785	director	\N	\N
tt0000276	1	nm0349785	director	\N	\N
tt0000277	1	nm0349785	director	\N	\N
tt0000278	1	nm0168621	self	\N	["Self"]
tt0000279	1	nm0168621	actor	\N	\N
tt0000279	2	nm0555522	cinematographer	\N	\N
tt0000280	1	nm0168621	actor	\N	\N
tt0000280	2	nm0555522	cinematographer	\N	\N
tt0000281	1	nm0168621	actor	\N	\N
tt0000281	2	nm0035502	cinematographer	\N	\N
tt0000282	1	nm0349785	director	\N	\N
tt0000283	1	nm0349785	director	\N	\N
tt0000284	1	nm0349785	director	\N	\N
tt0000285	1	nm0095816	director	\N	\N
tt0000285	2	nm0666972	producer	producer	\N
tt0000286	1	nm0349785	director	\N	\N
tt0000287	1	nm0085865	director	\N	\N
tt0000287	2	nm0807236	director	\N	\N
tt0000287	3	nm0085865	producer	producer	\N
tt0000287	4	nm0807236	producer	producer	\N
tt0000288	1	nm0349785	director	\N	\N
tt0000289	1	nm0349785	director	\N	\N
tt0000290	1	nm0349785	director	\N	\N
tt0000291	1	nm0349785	director	\N	\N
tt0000292	1	nm0349785	director	\N	\N
tt0000293	1	nm0349785	director	\N	\N
tt0000294	1	nm0349785	director	\N	\N
tt0000295	1	nm0349785	director	\N	\N
tt0000296	1	nm10501864	actress	\N	["Dancer"]
tt0000296	2	nm0349785	director	\N	\N
tt0000297	1	nm0349785	director	\N	\N
tt0000298	1	nm0349785	director	\N	\N
tt0000299	1	nm0349785	director	\N	\N
tt0000300	1	nm0085865	actor	\N	["Chalk-Talk Artist"]
tt0000300	2	nm0085865	director	\N	\N
tt0000300	3	nm0085865	producer	producer	\N
tt0000300	4	nm0807236	producer	producer	\N
tt0000300	5	nm0807236	cinematographer	\N	\N
tt0000301	1	nm0692105	director	\N	\N
tt0000301	2	nm0324473	writer	play	\N
tt0000302	1	nm0349785	director	\N	\N
tt0000303	1	nm0349785	director	\N	\N
tt0000304	1	nm2940072	actor	\N	["Willy - the little grandson"]
tt0000304	2	nm0808310	director	\N	\N
tt0000304	3	nm0808310	producer	producer	\N
tt0000305	1	nm0112631	actress	\N	\N
tt0000305	2	nm0349785	director	\N	\N
tt0000306	1	nm0076800	actress	\N	["Hamlet"]
tt0000306	2	nm0536252	actor	\N	["Laertes"]
tt0000306	3	nm1267013	actress	\N	["A page"]
tt0000306	4	nm0561109	director	\N	\N
tt0000306	5	nm0000636	writer	play "Hamlet"	\N
tt0000306	6	nm5670483	producer	producer	\N
tt0000306	7	nm0561109	producer	producer	\N
tt0000307	1	nm0085865	actor	\N	["Happy Hooligan"]
tt0000307	2	nm0085865	director	\N	\N
tt0000307	3	nm1112850	writer	comic strip "Happy Hooligan"	\N
tt0000308	1	nm2940350	actress	\N	["Little girl"]
tt0000308	2	nm2940072	actor	\N	["Little brother"]
tt0000308	3	nm0808310	director	\N	\N
tt0000308	4	nm0808310	producer	producer	\N
tt0000308	5	nm0808310	editor	\N	\N
tt0000309	1	nm0164281	actress	\N	["Passenger"]
tt0000309	2	nm0378408	actor	\N	["Driver"]
tt0000309	3	nm0378408	director	\N	\N
tt0000309	4	nm0378408	producer	producer	\N
tt0000310	1	nm0335788	actor	\N	["Chimmie Hicks"]
tt0000310	2	nm0151209	actress	\N	\N
tt0000310	3	nm0035502	cinematographer	\N	\N
tt0000312	1	nm0349785	director	\N	\N
tt0000313	1	nm0809419	actress	\N	["Young woman"]
tt0000313	2	nm0338379	actor	\N	["Man"]
tt0000313	3	nm0808310	director	\N	\N
tt0000313	4	nm0808310	producer	producer	\N
tt0000314	1	nm0349785	director	\N	\N
tt0000315	1	nm0349785	director	\N	\N
tt0000316	1	nm0349785	director	\N	\N
tt0000317	1	nm0349785	director	\N	\N
tt0000318	1	nm13155558	actor	\N	\N
tt0000318	2	nm0804433	actor	\N	["Koechin"]
tt0000318	3	nm0804434	director	\N	\N
tt0000318	4	nm0804433	writer	\N	\N
tt0000318	5	nm0804434	cinematographer	\N	\N
tt0000319	1	nm1272063	actor	\N	\N
tt0000319	2	nm1272675	actor	\N	\N
tt0000319	3	nm0793094	director	\N	\N
tt0000319	4	nm0793094	cinematographer	\N	\N
tt0000320	1	nm0349785	director	\N	\N
tt0000321	1	nm0692105	director	\N	\N
tt0000322	1	nm0005717	director	\N	\N
tt0000322	2	nm0005717	cinematographer	\N	\N
tt0000323	1	nm0349785	director	\N	\N
tt0000324	1	nm0349785	director	\N	\N
tt0000325	1	nm0112631	actress	\N	\N
tt0000325	2	nm0349785	director	\N	\N
tt0000326	1	nm0112631	actress	\N	\N
tt0000326	2	nm0349785	director	\N	\N
tt0000327	1	nm0349785	director	\N	\N
tt0000328	1	nm0349785	director	\N	\N
tt0000329	1	nm0349785	director	\N	\N
tt0000330	1	nm0349785	director	\N	\N
tt0000331	1	nm0349785	director	\N	\N
tt0000332	1	nm0349785	director	\N	\N
tt0000333	1	nm0349785	director	\N	\N
tt0000334	1	nm0349785	director	\N	\N
tt0000335	1	nm1010955	actress	\N	\N
tt0000335	2	nm1012612	actor	\N	\N
tt0000335	3	nm1011210	actor	\N	\N
tt0000335	4	nm1012621	actor	\N	\N
tt0000335	5	nm0675239	actor	\N	["Lion"]
tt0000335	6	nm0675260	actor	\N	["Lion"]
tt0000335	7	nm0095714	director	\N	\N
tt0000335	8	nm0675140	director	\N	\N
tt0000336	1	nm0349785	director	\N	\N
tt0000337	1	nm0525910	producer	producer	\N
tt0000338	1	nm0349785	director	\N	\N
tt0000339	1	nm0349785	director	\N	\N
tt0000340	1	nm0542567	actor	\N	["Uncle Josh"]
tt0000340	2	nm0692105	director	\N	\N
tt0000341	1	nm0542567	actor	\N	["Uncle Josh"]
tt0000341	2	nm0692105	director	\N	\N
tt0000341	3	nm0692105	cinematographer	\N	\N
tt0000342	1	nm0349785	director	\N	\N
tt0000343	1	nm0349785	director	\N	\N
tt0000344	1	nm0349785	director	\N	\N
tt0000345	1	nm0349785	director	\N	\N
tt0000346	1	nm0692105	director	\N	\N
tt0000346	2	nm0692105	cinematographer	\N	\N
tt0000347	1	nm0168621	actor	\N	\N
tt0000347	2	nm0035502	cinematographer	\N	\N
tt0000348	1	nm0349785	director	\N	\N
tt0000349	1	nm0095816	director	\N	\N
tt0000349	2	nm0666972	producer	producer	\N
tt0000350	1	nm0666972	director	\N	\N
tt0000350	2	nm0666972	producer	producer	\N
tt0000351	1	nm0462306	actress	\N	\N
tt0000351	2	nm0815907	actress	\N	\N
tt0000351	3	nm0349785	director	\N	\N
tt0000352	1	nm0692105	director	\N	\N
tt0000354	1	nm0182052	director	\N	\N
tt0000355	1	nm0932055	director	\N	\N
tt0000355	2	nm0932055	producer	producer	\N
tt0000355	3	nm0932055	cinematographer	\N	\N
tt0000356	1	nm0349785	director	\N	\N
tt0000357	1	nm0095816	director	\N	\N
tt0000357	2	nm0666972	producer	producer	\N
tt0000358	1	nm0509806	actor	\N	\N
tt0000358	2	nm1778194	actor	\N	\N
tt0000358	3	nm0954087	actor	\N	\N
tt0000358	4	nm0954087	director	\N	\N
tt0000358	5	nm0954087	writer	\N	\N
tt0000358	6	nm0954087	cinematographer	\N	\N
tt0000359	1	nm0617588	actor	\N	["The Chemist"]
tt0000359	2	nm0617588	actor	\N	["The India Rubber Head"]
tt0000360	1	nm0462306	actress	\N	["La Grisette"]
tt0000360	2	nm0815907	actress	\N	["Le Hussard"]
tt0000360	3	nm0349785	director	\N	\N
tt0000361	1	nm0349785	director	\N	\N
tt0000362	1	nm0349785	director	\N	\N
tt0000363	1	nm0095816	director	\N	\N
tt0000363	2	nm0095816	writer	\N	\N
tt0000363	3	nm0666972	producer	producer	\N
tt0000364	1	nm0692105	director	\N	\N
tt0000364	2	nm0692105	cinematographer	\N	\N
tt0000364	3	nm0924920	cinematographer	\N	\N
tt0000365	1	nm0182052	director	\N	\N
tt0000366	1	nm0182052	director	\N	\N
tt0000367	1	nm0349785	director	\N	\N
tt0000368	1	nm1089829	actress	\N	["Little Red Riding Hood"]
tt0000368	2	nm0617588	director	\N	\N
tt0000368	3	nm0674518	writer	story "Le petit chaperon rouge"	\N
tt0000369	1	nm0005717	director	\N	\N
tt0000369	2	nm0005717	cinematographer	\N	\N
tt0000370	1	nm8709803	actor	\N	["Ebenezer Scrooge"]
tt0000370	2	nm0095816	director	\N	\N
tt0000370	3	nm1304340	writer	play 'Scrooge'	\N
tt0000370	4	nm0002042	writer	novel "A Christmas Carol"	\N
tt0000370	5	nm0666972	producer	producer	\N
tt0000371	1	nm0349785	director	\N	\N
tt0000372	1	nm0349785	director	\N	\N
tt0000373	1	nm0954087	director	\N	\N
tt0000374	1	nm0349785	director	\N	\N
tt0000375	1	nm0182052	director	\N	\N
tt0000376	1	nm0617272	actress	\N	["Salome"]
tt0000376	2	nm0086082	actress	\N	\N
tt0000376	3	nm0632577	actress	\N	\N
tt0000376	4	nm0631776	actress	\N	\N
tt0000376	5	nm0078562	actress	\N	["Táncos"]
tt0000376	6	nm0051042	actress	\N	\N
tt0000376	7	nm0466448	actor	\N	\N
tt0000376	8	nm0373707	actor	\N	\N
tt0000376	9	nm0892975	actor	\N	\N
tt0000376	10	nm8355538	actress	\N	\N
tt0000376	11	nm0958169	director	\N	\N
tt0000376	12	nm0670740	writer	\N	\N
tt0000376	13	nm0449435	composer	\N	\N
tt0000376	14	nm0958169	cinematographer	\N	\N
tt0000377	1	nm0095816	director	\N	\N
tt0000377	2	nm0666972	producer	producer	\N
tt0000378	1	nm0462306	actress	\N	\N
tt0000378	2	nm0815907	actress	\N	\N
tt0000378	3	nm0349785	director	\N	\N
tt0000379	1	nm0005717	director	\N	\N
tt0000379	2	nm0005717	cinematographer	\N	\N
tt0000380	1	nm0674518	writer	tale	\N
tt0000381	1	nm0168621	actor	\N	\N
tt0000381	2	nm0002615	producer	producer	\N
tt0000382	1	nm0005717	director	\N	\N
tt0000382	2	nm0005717	cinematographer	\N	\N
tt0000383	1	nm0005717	director	\N	\N
tt0000383	2	nm0005717	cinematographer	\N	\N
tt0000384	1	nm0349785	director	\N	\N
tt0000385	1	nm0349785	director	\N	\N
tt0000386	1	nm0349785	director	\N	\N
tt0000387	1	nm5394591	actor	\N	["Attendant Bearing King Edward's Sword"]
tt0000387	2	nm0617588	director	\N	\N
tt0000387	3	nm0881616	director	\N	\N
tt0000388	1	nm0260089	actress	\N	\N
tt0000388	2	nm0349785	director	\N	\N
tt0000389	1	nm0349785	director	\N	\N
tt0000390	1	nm0349785	director	\N	\N
tt0000391	1	nm0349785	director	\N	\N
tt0000392	1	nm0095816	director	\N	\N
tt0000392	2	nm0666972	producer	producer	\N
tt0000393	1	nm0349785	director	\N	\N
tt0000394	1	nm0349785	director	\N	\N
tt0000395	1	nm0349785	director	\N	\N
tt0000396	1	nm0349785	director	\N	\N
tt0000397	1	nm0349785	director	\N	\N
tt0000398	1	nm0349785	director	\N	\N
tt0000399	1	nm0924920	actor	\N	["Farmer"]
tt0000399	2	nm0925513	actor	\N	["Jack"]
tt0000399	3	nm2092030	director	\N	\N
tt0000399	4	nm0692105	director	\N	\N
tt0000399	5	nm0692105	cinematographer	\N	\N
tt0000400	1	nm0349785	director	\N	\N
tt0000401	1	nm0349785	director	\N	\N
tt0000402	1	nm0338379	actor	\N	\N
tt0000402	2	nm0808310	director	\N	\N
tt0000402	3	nm0808310	producer	producer	\N
tt0000403	1	nm0349785	director	\N	\N
tt0000404	1	nm0349785	director	\N	\N
tt0000405	1	nm0349785	director	\N	\N
tt0000406	1	nm0035502	cinematographer	\N	\N
tt0000407	1	nm0005717	director	\N	\N
tt0000407	2	nm0005717	cinematographer	\N	\N
tt0000408	1	nm0349785	director	\N	\N
tt0000409	1	nm0349785	actress	\N	\N
tt0000409	2	nm4905952	actress	\N	\N
tt0000409	3	nm4906549	actress	\N	\N
tt0000409	4	nm0349785	director	\N	\N
tt0000409	5	nm0349785	producer	producer	\N
tt0000411	1	nm0349785	director	\N	\N
tt0000412	1	nm0555522	director	\N	\N
tt0000412	2	nm0555522	cinematographer	\N	\N
tt0000413	1	nm0617588	actor	\N	["The Blonde Miser"]
tt0000413	2	nm0617588	actor	\N	["Thief"]
tt0000413	3	nm0617588	director	\N	\N
tt0000413	4	nm0617588	writer	\N	\N
tt0000413	5	nm0617588	producer	producer	\N
tt0000414	1	nm0542567	actor	\N	["Uncle Josh"]
tt0000414	2	nm0692105	director	\N	\N
tt0000414	3	nm0692105	cinematographer	\N	\N
tt0000415	1	nm0349785	director	\N	\N
tt0000416	1	nm0954087	director	\N	\N
tt0000416	2	nm0954087	writer	\N	\N
tt0000416	3	nm0957652	writer	novel "L'Assommoir"	\N
tt0000417	1	nm0617588	actor	\N	["Prof. Barbenfouillis"]
tt0000417	2	nm0617588	actor	\N	["The Moon"]
tt0000417	3	nm0029244	actor	\N	["Astronomer - Nostradamus"]
tt0000417	4	nm0076933	actress	\N	["Lady in the Moon"]
tt0000417	5	nm1215996	actor	\N	["Astronomer- Alcofrisbas"]
tt0000417	6	nm0194945	actress	\N	["Secretary"]
tt0000417	7	nm0194945	actress	\N	["Star"]
tt0000417	8	nm0194945	actress	\N	["Rocket Attendant"]
tt0000417	9	nm0216378	actor	\N	["Captain of the Rocket"]
tt0000417	10	nm0220092	actor	\N	["Astronomer - Micromegas"]
tt0000417	11	nm1216405	actor	\N	["Astronomer - Parafaragaramus"]
tt0000417	12	nm1216905	actor	\N	["Astronomer - Omega"]
tt0000417	13	nm2083046	actor	\N	["Officer of the Marines"]
tt0000417	14	nm0617588	producer	producer	\N
tt0000417	15	nm0242155	composer	composer	\N
tt0000417	16	nm0324073	composer	composer	\N
tt0000417	17	nm9991717	composer	composer	\N
tt0000417	18	nm4491570	composer	composer	\N
tt0000418	1	nm0353576	director	\N	\N
tt0000419	1	nm0349785	director	\N	\N
tt0000420	1	nm0164281	actress	\N	["Alice"]
tt0000420	2	nm0378408	actor	\N	["Frog"]
tt0000420	3	nm1012587	actor	\N	["Large Dog"]
tt0000420	4	nm0265714	actor	\N	["Card"]
tt0000420	5	nm1539007	actor	\N	["Card"]
tt0000420	6	nm1539443	actress	\N	["White Rabbit"]
tt0000420	7	nm1539443	actress	\N	["Queen"]
tt0000420	8	nm0926498	actor	\N	["Fish"]
tt0000420	9	nm0926498	actor	\N	["Mad Hatter"]
tt0000420	10	nm0378408	director	\N	\N
tt0000420	11	nm0832948	director	\N	\N
tt0000420	12	nm0140902	writer	novel "Alice's Adventures in Wonderland"	\N
tt0000420	13	nm0378408	writer	writer	\N
tt0000420	14	nm0378408	producer	producer	\N
tt0000420	15	nm0378408	cinematographer	\N	\N
tt0000421	1	nm0954087	actor	\N	\N
tt0000421	2	nm0349785	director	\N	\N
tt0000422	1	nm0954087	actor	\N	["Traveler"]
tt0000422	2	nm0349785	director	\N	\N
tt0000423	1	nm0617588	actor	\N	\N
tt0000424	1	nm0349785	director	\N	\N
tt0000425	1	nm0168621	actor	\N	\N
tt0000425	2	nm0783152	producer	producer	\N
tt0000426	1	nm0168621	actor	\N	\N
tt0000426	2	nm0002615	producer	producer	\N
tt0000427	1	nm0349785	director	\N	\N
tt0000428	1	nm0005717	director	\N	\N
tt0000428	2	nm0005717	cinematographer	\N	\N
tt0000429	1	nm0349785	director	\N	\N
tt0000430	1	nm10102653	actor	\N	["Chess Player"]
tt0000430	2	nm0666972	director	\N	\N
tt0000430	3	nm0666972	producer	producer	\N
tt0000431	1	nm0349785	director	\N	\N
tt0000432	1	nm0954087	actor	\N	\N
tt0000432	2	nm0349785	director	\N	\N
tt0000433	1	nm0349785	director	\N	\N
tt0000434	1	nm2940350	actress	\N	["Dorothy"]
tt0000434	2	nm0808310	director	\N	\N
tt0000434	3	nm0808310	producer	producer	\N
tt0000435	1	nm0349785	director	\N	\N
tt0000436	1	nm0095816	director	\N	\N
tt0000436	2	nm0666972	director	\N	\N
tt0000436	3	nm0666972	producer	producer	\N
tt0000437	1	nm0349785	director	\N	\N
tt0000438	1	nm0349785	director	\N	\N
tt0000439	1	nm0001908	actor	\N	["Bandit"]
tt0000439	2	nm0001908	actor	\N	["Shot Passenger"]
tt0000439	3	nm0001908	actor	\N	["Tenderfoot Dancer"]
tt0000439	4	nm0007625	actor	\N	["Sheriff"]
tt0000439	5	nm0055607	actor	\N	\N
tt0000439	6	nm0055661	actor	\N	["Bandit Who Fires at Camera"]
tt0000439	7	nm0131750	actor	\N	["Sheriff"]
tt0000439	8	nm2313241	actor	\N	["Fourth Bandit"]
tt0000439	9	nm0302368	actor	\N	["Little Boy"]
tt0000439	10	nm7715443	actor	\N	["Child"]
tt0000439	11	nm0359294	actor	\N	["Bandit"]
tt0000439	12	nm3128574	actor	\N	["Bandit"]
tt0000439	13	nm0692105	producer	producer	\N
tt0000439	14	nm0807466	cinematographer	\N	\N
tt0000440	1	nm0617588	actor	\N	["Musketeer"]
tt0000441	1	nm0159015	director	\N	\N
tt0000441	2	nm0842605	writer	novel "The Travels of Gulliver"	\N
tt0000441	3	nm0159015	writer	\N	\N
tt0000441	4	nm0159015	cinematographer	\N	\N
tt0000442	1	nm0622273	actress	\N	["Barnemordersken"]
tt0000442	2	nm1854449	actor	\N	\N
tt0000442	3	nm0253298	director	\N	\N
tt0000442	4	nm1856940	writer	writer	\N
tt0000442	5	nm1857036	writer	writer	\N
tt0000442	6	nm0253298	producer	producer	\N
tt0000442	7	nm0253298	cinematographer	\N	\N
tt0000443	1	nm0742777	director	\N	\N
tt0000443	2	nm3887135	writer	scenario	\N
tt0000443	3	nm0519303	writer	poem "The Song of Hiawatha"	\N
tt0000443	4	nm0742777	producer	producer	\N
tt0000443	5	nm0742777	cinematographer	\N	\N
tt0000444	1	nm0954087	actor	\N	["Magician"]
tt0000444	2	nm0349785	director	\N	\N
tt0000445	1	nm0349785	director	\N	\N
tt0000446	1	nm0567363	director	\N	\N
tt0000447	1	nm0692105	actor	\N	["Policeman"]
tt0000447	2	nm0891119	actress	\N	["The Girl"]
tt0000447	3	nm0924475	actor	\N	["The Fireman"]
tt0000447	4	nm0924920	actor	\N	["Fire Chief"]
tt0000448	1	nm0349785	director	\N	\N
tt0000449	1	nm0349785	director	\N	\N
tt0000450	1	nm0349785	director	\N	\N
tt0000451	1	nm0809419	actress	\N	["Mary Jane"]
tt0000451	2	nm0808310	director	\N	\N
tt0000451	3	nm0808310	producer	producer	\N
tt0000452	1	nm0001908	actor	\N	["Messenger Boy"]
tt0000452	2	nm0692105	director	\N	\N
tt0000452	3	nm0692105	cinematographer	\N	\N
tt0000453	1	nm0349785	director	\N	\N
tt0000454	1	nm0349785	director	\N	\N
tt0000455	1	nm0617588	actor	\N	["The Melomaniac"]
tt0000455	2	nm0617588	director	\N	\N
tt0000456	1	nm0005658	cinematographer	\N	\N
tt0000457	1	nm0349785	director	\N	\N
tt0000458	1	nm0349785	director	\N	\N
tt0000459	1	nm0692105	cinematographer	\N	\N
tt0000460	1	nm0567363	director	\N	\N
tt0000461	1	nm0349785	director	\N	\N
tt0000462	1	nm0349785	director	\N	\N
tt0000463	1	nm0005717	director	\N	\N
tt0000463	2	nm0005717	cinematographer	\N	\N
tt0000464	1	nm0420198	actor	\N	["Rip Van Winkle"]
tt0000465	1	nm0617588	actor	\N	["Prince Bel-Azor"]
tt0000465	2	nm9473330	actress	\N	["Princess Azurine"]
tt0000465	3	nm0076933	actress	\N	["Aurora"]
tt0000465	4	nm0214243	actor	\N	["Role"]
tt0000465	5	nm0243651	actor	\N	["Extra"]
tt0000466	1	nm0349785	director	\N	\N
tt0000467	1	nm0349785	director	\N	\N
tt0000468	1	nm0349785	director	\N	\N
tt0000469	1	nm0808310	director	\N	\N
tt0000469	2	nm0808310	producer	producer	\N
tt0000470	1	nm0349785	director	\N	\N
tt0000471	1	nm0832952	writer	novel "Uncle Tom's Cabin"	\N
tt0000472	1	nm10342565	actor	\N	["Arthur Shelby"]
tt0000472	2	nm0002615	actor	\N	["Simon Legree"]
tt0000472	3	nm0002615	director	\N	\N
tt0000472	4	nm0832952	writer	novel "Uncle Tom's Cabin"	\N
tt0000472	5	nm0002615	producer	producer	\N
tt0000473	1	nm0349785	director	\N	\N
tt0000474	1	nm0349785	director	\N	\N
tt0000475	1	nm3345408	actor	\N	\N
tt0000475	2	nm0095816	director	\N	\N
tt0000475	3	nm0666972	producer	producer	\N
tt0000476	1	nm0349785	director	\N	\N
tt0000477	1	nm5121267	actor	\N	\N
tt0000477	2	nm5121475	actor	\N	\N
tt0000477	3	nm1597962	actor	\N	\N
tt0000477	4	nm0349785	director	\N	\N
tt0000478	1	nm0172118	director	\N	\N
tt0000479	1	nm0666972	director	\N	\N
tt0000479	2	nm0666972	producer	producer	\N
tt0000480	1	nm0617588	actor	\N	\N
tt0000480	2	nm0617588	director	\N	\N
tt0000481	1	nm0666972	producer	producer	\N
tt0000482	1	nm0349785	director	\N	\N
tt0000483	1	nm0349785	director	\N	\N
tt0000484	1	nm0349785	director	\N	\N
tt0000485	1	nm0349785	director	\N	\N
tt0000486	1	nm0659947	actor	\N	["Monsieur Beaucaire"]
tt0000486	2	nm1173635	actor	\N	\N
tt0000486	3	nm0069325	actress	\N	\N
tt0000486	4	nm0085865	actor	\N	\N
tt0000486	5	nm0085870	actress	\N	\N
tt0000486	6	nm0085865	director	\N	\N
tt0000486	7	nm0850483	writer	novel	\N
tt0000487	1	nm0523316	actress	\N	["Little Girl (Telegrapher's daughter)"]
tt0000487	2	nm0002615	director	\N	\N
tt0000487	3	nm0002615	producer	producer	\N
tt0000487	4	nm0292418	cinematographer	\N	\N
tt0000488	1	nm0298300	actor	\N	["Joe, the Newsboy"]
tt0000488	2	nm0065035	actress	\N	["Joe's Grandmother"]
tt0000488	3	nm0250480	actor	\N	["Manager of the Fresh Air Fund"]
tt0000488	4	nm0422465	actress	\N	["Committee Woman"]
tt0000488	5	nm0588295	actress	\N	["Committee Woman"]
tt0000488	6	nm1096358	actress	\N	["Committee Woman"]
tt0000488	7	nm0259860	actress	\N	["Committee Woman"]
tt0000488	8	nm0177886	actor	\N	["The Minister"]
tt0000488	9	nm0917726	actress	\N	["Little Girl giving Joe money"]
tt0000488	10	nm0789748	director	\N	\N
tt0000488	11	nm0794919	writer	\N	\N
tt0000489	1	nm0349785	director	\N	\N
tt0000490	1	nm0349785	director	\N	\N
tt0000491	1	nm0005658	cinematographer	\N	\N
tt0000492	1	nm0567363	director	\N	\N
tt0000492	2	nm0005658	cinematographer	\N	\N
tt0000493	1	nm0349785	director	\N	\N
tt0000494	1	nm0349785	director	\N	\N
tt0000495	1	nm0954087	director	\N	\N
tt0000495	2	nm0159015	cinematographer	\N	\N
tt0000496	1	nm0007625	cinematographer	\N	\N
tt0000496	2	nm0692105	cinematographer	\N	\N
tt0000498	1	nm1012587	actor	\N	["Rover the dog"]
tt0000498	2	nm0164281	actress	\N	["Nursemaid"]
tt0000498	3	nm0378407	actress	\N	["The baby"]
tt0000498	4	nm0378408	actor	\N	["Harassed father"]
tt0000498	5	nm1539443	actress	\N	["Mother"]
tt0000498	6	nm1428608	actress	\N	["Gypsy woman"]
tt0000498	7	nm0809910	actor	\N	["Soldier"]
tt0000498	8	nm0280432	director	\N	\N
tt0000498	9	nm0378408	director	\N	\N
tt0000498	10	nm1539443	writer	story	\N
tt0000498	11	nm0378408	producer	producer	\N
tt0000498	12	nm0378408	cinematographer	\N	\N
tt0000499	1	nm0617588	actor	\N	["Mabouloff"]
tt0000499	2	nm0016317	actress	\N	["Madame Latrouille"]
tt0000499	3	nm0194945	actress	\N	["Villager at seaport"]
tt0000499	4	nm8706003	actress	\N	["Nurse in Swiss hospital"]
tt0000499	5	nm0617588	director	\N	\N
tt0000499	6	nm0617588	writer	\N	\N
tt0000499	7	nm0894523	writer	play "Le Voyage a travers l'Impossible"	\N
tt0000499	8	nm0257866	writer	play "Le Voyage a travers l'Impossible"	\N
tt0000499	9	nm0617588	producer	producer	\N
tt0000499	10	nm0617588	production_designer	\N	\N
tt0000500	1	nm0005658	cinematographer	\N	\N
tt0000501	1	nm0001908	actor	\N	["Sherlock Holmes"]
tt0000501	2	nm1173635	actor	\N	["John H. Watson, M.D."]
tt0000501	3	nm0659947	actor	\N	["Bandit"]
tt0000501	4	nm0792727	actor	\N	["Bandit"]
tt0000501	5	nm0085865	director	\N	\N
tt0000501	6	nm0236279	writer	story	\N
tt0000501	7	nm0509478	writer	scenario	\N
tt0000502	1	nm0215752	actor	\N	\N
tt0000502	2	nm0252720	actor	\N	\N
tt0000502	3	nm0063413	director	\N	\N
tt0000502	4	nm0063413	writer	\N	\N
tt0000502	5	nm0657268	writer	\N	\N
tt0000502	6	nm0675388	writer	\N	\N
tt0000502	7	nm0063413	cinematographer	\N	\N
tt0000503	1	nm0185426	director	\N	\N
tt0000503	2	nm0185426	cinematographer	\N	\N
tt0000504	1	nm0185426	director	\N	\N
tt0000504	2	nm0185426	writer	\N	\N
tt0000504	3	nm0185426	cinematographer	\N	\N
tt0000505	1	nm0214243	actor	\N	\N
tt0000505	2	nm0340020	actor	\N	\N
tt0000505	3	nm0537222	actor	\N	\N
tt0000505	4	nm0097918	actor	\N	\N
tt0000505	5	nm1563072	director	\N	\N
tt0000505	6	nm0381874	director	\N	\N
tt0000505	7	nm0381874	writer	\N	\N
tt0000506	1	nm0353576	director	\N	\N
tt0000507	1	nm0005658	cinematographer	\N	\N
tt0000508	1	nm0185426	director	\N	\N
tt0000508	2	nm0185426	writer	\N	\N
tt0000508	3	nm0185426	cinematographer	\N	\N
tt0000509	1	nm0214243	actor	\N	\N
tt0000509	2	nm1563072	director	\N	\N
tt0000509	3	nm0381874	writer	\N	\N
tt0000509	4	nm0159015	cinematographer	\N	\N
tt0000510	1	nm0063413	director	\N	\N
tt0000510	2	nm0063413	writer	\N	\N
tt0000510	3	nm0063413	cinematographer	\N	\N
tt0000511	1	nm0065393	actress	\N	["Esmeralda"]
tt0000511	2	nm0903455	actor	\N	["Quasimodo"]
tt0000511	3	nm0349785	director	\N	\N
tt0000511	4	nm0401076	writer	novel "Notre Dame de Paris"	\N
tt0000511	5	nm0094975	cinematographer	\N	\N
tt0000511	6	nm0579494	production_designer	\N	\N
tt0000512	1	nm0005658	cinematographer	\N	\N
tt0000513	1	nm0185426	director	\N	\N
tt0000513	2	nm0185426	cinematographer	\N	\N
tt0000514	1	nm0016071	actor	\N	\N
tt0000514	2	nm0602663	actor	\N	\N
tt0000514	3	nm0661362	actor	\N	\N
tt0000514	4	nm0684029	actor	\N	\N
tt0000514	5	nm0722712	actor	\N	\N
tt0000514	6	nm0813578	actor	\N	\N
tt0000514	7	nm0896066	actor	\N	\N
tt0000514	8	nm0899837	actress	\N	\N
tt0000514	9	nm0005717	director	\N	\N
tt0000514	10	nm0005717	writer	screenplay	\N
tt0000514	11	nm0005717	cinematographer	\N	\N
tt0000515	1	nm0159015	director	\N	\N
tt0000515	2	nm0159015	writer	screenplay	\N
tt0000515	3	nm0159015	cinematographer	\N	\N
tt0000516	1	nm0159015	actor	\N	["Bertrand"]
tt0000516	2	nm0558863	actress	\N	["Laure"]
tt0000516	3	nm0159015	director	\N	\N
tt0000517	1	nm0063413	director	\N	\N
tt0000518	1	nm0140054	actor	\N	\N
tt0000518	2	nm0159015	writer	\N	\N
tt0000518	3	nm0159015	cinematographer	\N	\N
tt0000519	1	nm1671089	actress	\N	["The Kleptomaniac, Mrs. Banker"]
tt0000519	2	nm1670497	actor	\N	["Store Detective"]
tt0000519	3	nm1215402	actress	\N	["Female Detective"]
tt0000519	4	nm1670913	actor	\N	["Superintendant, Department Store"]
tt0000519	5	nm0250983	actress	\N	["The Thief"]
tt0000519	6	nm0728289	actor	\N	["Police Court Judge"]
tt0000519	7	nm0183817	actress	\N	["Justice"]
tt0000519	8	nm0692105	director	\N	\N
tt0000519	9	nm0692105	cinematographer	\N	\N
tt0000520	1	nm0353575	actor	\N	["Charles Peace"]
tt0000520	2	nm2329855	actress	\N	["Mrs. Dyson"]
tt0000520	3	nm2326707	actress	\N	["Peace's Accomplice"]
tt0000520	4	nm2331275	actor	\N	["Dyson"]
tt0000520	5	nm2329944	actor	\N	["First Policeman"]
tt0000520	6	nm2485827	actor	\N	["Second Policeman"]
tt0000520	7	nm4749111	actor	\N	["Third Policeman"]
tt0000520	8	nm2332493	actress	\N	["Peace's Mother"]
tt0000520	9	nm0353576	director	\N	\N
tt0000521	1	nm0692105	director	\N	\N
tt0000521	2	nm0692105	cinematographer	\N	\N
tt0000522	1	nm0005658	cinematographer	\N	\N
tt0000523	1	nm0005658	cinematographer	\N	\N
tt0000524	1	nm0005658	director	\N	\N
tt0000524	2	nm13890136	composer	composer	\N
tt0000525	1	nm0358349	actor	\N	["Joe - le cow-boy"]
tt0000525	2	nm0595321	actor	\N	\N
tt0000525	3	nm0196787	actress	\N	\N
tt0000525	4	nm0719480	actor	\N	\N
tt0000525	5	nm0357890	actor	\N	\N
tt0000525	6	nm0014656	actor	\N	\N
tt0000525	7	nm0243796	director	\N	\N
tt0000525	8	nm0243796	producer	producer	\N
tt0000526	1	nm0005658	cinematographer	\N	\N
tt0000527	1	nm0185426	director	\N	\N
tt0000527	2	nm0185426	writer	\N	\N
tt0000527	3	nm0185426	cinematographer	\N	\N
tt0000528	1	nm0792727	actor	\N	["Raffles"]
tt0000528	2	nm0085870	actress	\N	\N
tt0000528	3	nm0001908	director	\N	\N
tt0000528	4	nm0696078	writer	play "Raffles, the Amateur Cracksman"	\N
tt0000528	5	nm0395216	writer	novel	\N
tt0000528	6	nm0734207	producer	producer	\N
tt0000528	7	nm0807235	cinematographer	\N	\N
tt0000529	1	nm0005658	cinematographer	\N	\N
tt0000530	1	nm0159015	director	\N	\N
tt0000530	2	nm0159015	writer	screenplay	\N
tt0000530	3	nm0159015	cinematographer	\N	\N
tt0000531	1	nm0140054	actor	\N	\N
tt0000531	2	nm0159015	director	\N	\N
tt0000531	3	nm0159015	writer	\N	\N
tt0000531	4	nm0159015	cinematographer	\N	\N
tt0000532	1	nm0185426	director	\N	\N
tt0000532	2	nm0185426	writer	\N	\N
tt0000532	3	nm0185426	cinematographer	\N	\N
tt0000533	1	nm0783152	producer	producer	\N
tt0000534	1	nm0095816	director	\N	\N
tt0000534	2	nm0666972	producer	producer	\N
tt0000534	3	nm0666972	cinematographer	\N	\N
tt0000535	1	nm0422149	actress	\N	["Anarkistens kone"]
tt0000535	2	nm0488932	actor	\N	["Anarkisten"]
tt0000535	3	nm0488932	director	\N	\N
tt0000535	4	nm0488932	writer	\N	\N
tt0000535	5	nm0333175	cinematographer	\N	\N
tt0000535	6	nm0470250	production_designer	\N	\N
tt0000536	1	nm0691995	actress	\N	\N
tt0000536	2	nm0691996	actress	\N	\N
tt0000536	3	nm6758605	director	\N	\N
tt0000536	4	nm0582268	director	\N	\N
tt0000537	1	nm0005658	cinematographer	\N	\N
tt0000538	1	nm0005717	director	\N	\N
tt0000538	2	nm0005717	cinematographer	\N	\N
tt0000539	1	nm0647763	director	\N	\N
tt0000541	1	nm0422149	actress	\N	\N
tt0000541	2	nm0023121	actor	\N	\N
tt0000541	3	nm0676941	actor	\N	\N
tt0000541	4	nm0488932	actor	\N	\N
tt0000541	5	nm0488932	director	\N	\N
tt0000541	6	nm0630737	writer	\N	\N
tt0000541	7	nm0084830	cinematographer	\N	\N
tt0000542	1	nm0261789	actress	\N	\N
tt0000542	2	nm0602663	actor	\N	\N
tt0000542	3	nm0896066	actor	\N	\N
tt0000542	4	nm1050849	actor	\N	\N
tt0000542	5	nm0005717	director	\N	\N
tt0000542	6	nm0005717	writer	screenplay	\N
tt0000542	7	nm0005717	cinematographer	\N	\N
tt0000543	1	nm0647763	director	\N	\N
tt0000543	2	nm0084830	cinematographer	\N	\N
tt0000543	3	nm0333175	cinematographer	\N	\N
tt0000543	4	nm0647763	cinematographer	\N	\N
tt0000544	1	nm1210247	director	\N	\N
tt0000544	2	nm0666972	producer	producer	\N
tt0000545	1	nm0005658	cinematographer	\N	\N
tt0000546	1	nm0106151	actor	\N	["The Rarebit Fiend"]
tt0000546	2	nm0567363	director	\N	\N
tt0000546	3	nm0692105	director	\N	\N
tt0000546	4	nm0565560	writer	comic strip	\N
tt0000546	5	nm0567363	producer	producer	\N
tt0000546	6	nm0692105	producer	producer	\N
tt0000546	7	nm0692105	cinematographer	\N	\N
tt0000547	1	nm0005717	director	\N	\N
tt0000547	2	nm0005717	writer	\N	\N
tt0000548	1	nm0488932	actor	\N	["Fisker"]
tt0000548	2	nm0422149	actress	\N	["hans Kone"]
tt0000548	3	nm0526168	actor	\N	\N
tt0000548	4	nm0488932	director	\N	\N
tt0000548	5	nm0647763	writer	\N	\N
tt0000548	6	nm0333175	cinematographer	cinematographer	\N
tt0000549	1	nm0676941	actor	\N	["Petersen"]
tt0000549	2	nm0488932	director	\N	\N
tt0000549	3	nm0333175	cinematographer	cinematographer	\N
tt0000550	1	nm0454375	self	\N	["Self - King of Denmark"]
tt0000550	2	nm1678676	self	\N	["Self"]
tt0000550	3	nm0647763	director	\N	\N
tt0000550	4	nm0084830	cinematographer	\N	\N
tt0000552	1	nm0095816	director	\N	\N
tt0000552	2	nm0666972	producer	producer	\N
tt0000553	1	nm0659947	actor	\N	\N
tt0000553	2	nm0710362	actor	\N	\N
tt0000553	3	nm0085865	director	\N	\N
tt0000554	1	nm0085865	actor	\N	["Cartoonist"]
tt0000555	1	nm0421454	actress	\N	["Pigen"]
tt0000555	2	nm0488932	actor	\N	["Den unge mand"]
tt0000555	3	nm0526168	actor	\N	["Pigens far"]
tt0000555	4	nm0488932	director	\N	\N
tt0000555	5	nm0630737	writer	\N	\N
tt0000555	6	nm0333175	cinematographer	cinematographer	\N
tt0000555	7	nm0470250	production_designer	\N	\N
tt0000556	1	nm0422149	actress	\N	["Young Lady"]
tt0000556	2	nm0488932	actor	\N	["Boyfriend"]
tt0000556	3	nm0676941	actor	\N	["Seducer"]
tt0000556	4	nm0488932	director	\N	\N
tt0000556	5	nm0647763	cinematographer	\N	\N
tt0000557	1	nm2004235	actress	\N	["Kathleen"]
tt0000557	2	nm2014119	actor	\N	["Terence O'Moore"]
tt0000557	3	nm1669708	actor	\N	["Captain Clearfield"]
tt0000557	4	nm1670010	actor	\N	["Dugan"]
tt0000557	5	nm1675211	actor	\N	["David O'Connor"]
tt0000557	6	nm1669846	actor	\N	["Father O'Cassidy"]
tt0000557	7	nm1670421	actor	\N	["Danny O'Lavey"]
tt0000557	8	nm0166633	actor	\N	\N
tt0000557	9	nm1670731	actor	\N	["Black Rody"]
tt0000557	10	nm1669657	actor	\N	["Red Barney"]
tt0000557	11	nm0692105	director	\N	\N
tt0000557	12	nm0601940	writer	poem	\N
tt0000557	13	nm0692105	cinematographer	\N	\N
tt0000558	1	nm0005717	director	\N	\N
tt0000558	2	nm0005717	cinematographer	\N	\N
tt0000559	1	nm0380965	actor	\N	\N
tt0000559	2	nm4824625	actor	\N	\N
tt0000559	3	nm0354726	director	\N	\N
tt0000559	4	nm0084830	cinematographer	\N	\N
tt0000560	1	nm0005717	director	\N	\N
tt0000561	1	nm0692105	director	\N	\N
tt0000561	2	nm0692105	cinematographer	\N	\N
tt0000564	1	nm0085865	director	\N	\N
tt0000564	2	nm0002042	writer	novel	\N
tt0000565	1	nm0692105	director	\N	\N
tt0000565	2	nm0601061	writer	poem "The Night Before Christmas"	\N
tt0000566	1	nm4824599	actor	\N	["Professor"]
tt0000566	2	nm0380965	actor	\N	\N
tt0000566	3	nm4824625	actor	\N	\N
tt0000566	4	nm1845806	actor	\N	\N
tt0000566	5	nm0354726	director	\N	\N
tt0000566	6	nm0488932	director	\N	\N
tt0000566	7	nm0084830	cinematographer	\N	\N
tt0000567	1	nm0617588	actor	\N	["Satan"]
tt0000567	2	nm0617588	director	\N	\N
tt0000567	3	nm0182945	writer	play "Le Quatre Cents Coups du diable"	\N
tt0000567	4	nm9551905	writer	play "Le Quatre Cents Coups de diable"	\N
tt0000567	5	nm0617588	producer	producer	\N
tt0000567	6	nm0617588	production_designer	\N	\N
tt0000568	1	nm0488932	director	\N	\N
tt0000569	1	nm0488932	director	\N	\N
tt0000569	2	nm0333175	cinematographer	\N	\N
tt0000570	1	nm0005658	cinematographer	\N	\N
tt0000571	1	nm0085865	director	\N	\N
tt0000572	1	nm0063413	director	\N	\N
tt0000572	2	nm0063413	writer	screenplay	\N
tt0000572	3	nm0063413	cinematographer	\N	\N
tt0000573	1	nm0526168	actor	\N	\N
tt0000573	2	nm0676941	actor	\N	\N
tt0000573	3	nm0488932	director	\N	\N
tt0000573	4	nm0333175	cinematographer	cinematographer	\N
tt0000574	1	nm0846887	actress	\N	["Kate Kelly"]
tt0000574	2	nm0846894	actor	\N	["School Master"]
tt0000574	3	nm1431224	actor	\N	["Joe Byrne"]
tt0000574	4	nm3002376	actor	\N	["Steve Hart"]
tt0000574	5	nm0143899	actor	\N	["Ned Kelly"]
tt0000574	6	nm0170118	actress	\N	\N
tt0000574	7	nm3001683	actor	\N	["Joe Byrne"]
tt0000574	8	nm0187697	actor	\N	["Dan Kelly"]
tt0000574	9	nm3002754	actor	\N	["Steve Hart"]
tt0000574	10	nm3003322	actor	\N	["Dan Kelly"]
tt0000574	11	nm0846879	director	\N	\N
tt0000574	12	nm0846879	writer	\N	\N
tt0000574	13	nm0317210	producer	producer	\N
tt0000574	14	nm0425854	producer	producer	\N
tt0000574	15	nm0846894	producer	producer	\N
tt0000574	16	nm0846911	producer	producer	\N
tt0000574	17	nm2421834	composer	composer	\N
tt0000574	18	nm0425854	cinematographer	director of photography	\N
tt0000574	19	nm0675239	cinematographer	director of photography	\N
tt0000574	20	nm0675260	cinematographer	director of photography	\N
tt0000575	1	nm9335353	actor	\N	["Ives, the Fisherman"]
tt0000575	2	nm0617588	actor	\N	\N
tt0000575	3	nm0617588	director	\N	\N
tt0000575	4	nm0894523	writer	novel "Vingt Mille Lieues sous les mers"	\N
tt0000575	5	nm0617588	producer	producer	\N
tt0000576	1	nm0159015	director	\N	\N
tt0000576	2	nm0665572	producer	producer	\N
tt0000576	3	nm0159015	cinematographer	\N	\N
tt0000577	1	nm0488932	actor	\N	\N
tt0000577	2	nm0526168	actor	\N	\N
tt0000577	3	nm0488932	director	\N	\N
tt0000577	4	nm0333175	cinematographer	cinematographer	\N
tt0000578	1	nm0878035	actor	\N	["The Hobo"]
tt0000578	2	nm0001908	director	\N	\N
tt0000578	3	nm0001908	writer	\N	\N
tt0000578	4	nm0001908	producer	producer	\N
tt0000579	1	nm0001908	actor	\N	\N
tt0000579	2	nm0001908	director	\N	\N
tt0000580	1	nm0180860	director	\N	\N
tt0000580	2	nm3763070	producer	producer	\N
tt0000580	3	nm0180860	producer	producer	\N
tt0000580	4	nm0180860	cinematographer	\N	\N
tt0000581	1	nm0092290	actor	\N	\N
tt0000582	1	nm0310155	actress	\N	\N
tt0000582	2	nm0604384	actor	\N	\N
tt0000582	3	nm0366586	actor	\N	["Messala"]
tt0000582	4	nm0745457	actor	\N	["Ben Hur"]
tt0000582	5	nm0646058	director	\N	\N
tt0000582	6	nm0741382	director	\N	\N
tt0000582	7	nm0310155	writer	\N	\N
tt0000582	8	nm0908753	writer	novel	\N
tt0000582	9	nm0773944	cinematographer	\N	\N
tt0000583	1	nm0022607	actor	\N	\N
tt0000583	2	nm0022608	actress	\N	["Marguerite Gauthier, 'Kameliadamen'"]
tt0000583	3	nm0488932	actor	\N	["Armand Duval"]
tt0000583	4	nm0526168	actor	\N	["Armand Duvals fader"]
tt0000583	5	nm5216764	actress	\N	\N
tt0000583	6	nm0647719	actor	\N	["En kavaler"]
tt0000583	7	nm0676941	actor	\N	["Gustave"]
tt0000583	8	nm5216822	actress	\N	\N
tt0000583	9	nm0488932	director	\N	\N
tt0000583	10	nm0241414	writer	novel and play "La dame aux camélias"	\N
tt0000583	11	nm0333175	cinematographer	cinematographer	\N
tt0000583	12	nm0470250	production_designer	\N	\N
tt0000584	1	nm0191133	director	\N	\N
tt0000584	2	nm0305591	director	\N	\N
tt0000584	3	nm0191133	writer	\N	\N
tt0000584	4	nm0191133	producer	producer	\N
tt0000584	5	nm0305591	cinematographer	\N	\N
tt0000584	6	nm0400103	cinematographer	\N	\N
tt0000585	1	nm0005717	director	\N	\N
tt0000585	2	nm0005717	cinematographer	\N	\N
tt0000586	1	nm0878494	actor	\N	["Mark Twain"]
tt0000586	2	nm0085865	director	\N	\N
tt0000587	1	nm0078116	actress	\N	\N
tt0000588	1	nm0421454	actress	\N	\N
tt0000588	2	nm0488932	actor	\N	["Prinsen"]
tt0000588	3	nm0526168	actor	\N	["Kasper Røghat"]
tt0000588	4	nm0623866	actress	\N	\N
tt0000588	5	nm0676941	actor	\N	["Kongen"]
tt0000588	6	nm2718103	actress	\N	["Prinsessen"]
tt0000588	7	nm0488932	director	\N	\N
tt0000588	8	nm0526168	director	\N	\N
tt0000588	9	nm0333175	cinematographer	cinematographer	\N
tt0000590	1	nm0366008	actor	\N	["Boy at Door"]
tt0000590	2	nm0642722	actor	\N	["Female Assistant"]
tt0000590	3	nm0567363	director	\N	\N
tt0000590	4	nm0005658	cinematographer	\N	\N
tt0000591	1	nm0906197	actor	\N	\N
tt0000591	2	nm0332182	actor	\N	\N
tt0000591	3	nm1323543	actress	\N	\N
tt0000591	4	nm1759558	actress	\N	\N
tt0000591	5	nm0141150	director	\N	\N
tt0000591	6	nm0141150	writer	pantomime	\N
tt0000592	1	nm16332166	actor	\N	\N
tt0000592	2	nm0180466	director	\N	\N
tt0000592	3	nm0180492	director	\N	\N
tt0000593	1	nm0005717	director	\N	\N
tt0000593	2	nm0005717	writer	\N	\N
tt0000593	3	nm0005717	cinematographer	\N	\N
tt0000594	1	nm0488932	actor	\N	\N
tt0000594	2	nm0526168	actor	\N	\N
tt0000594	3	nm0623866	actress	\N	\N
tt0000594	4	nm2160063	actor	\N	\N
tt0000594	5	nm1834127	actress	\N	\N
tt0000594	6	nm0488932	director	\N	\N
tt0000594	7	nm0333175	cinematographer	cinematographer	\N
tt0000595	1	nm0488932	actor	\N	["Frier"]
tt0000595	2	nm0526168	actor	\N	["Kongen"]
tt0000595	3	nm0623866	actress	\N	\N
tt0000595	4	nm0676941	actor	\N	\N
tt0000595	5	nm0727622	actor	\N	["Frier"]
tt0000595	6	nm0488932	director	\N	\N
tt0000595	7	nm0333175	cinematographer	cinematographer	\N
tt0000596	1	nm0022608	actress	\N	["Prinsesse"]
tt0000596	2	nm0488932	actor	\N	["Soldat"]
tt0000596	3	nm0526168	actor	\N	\N
tt0000596	4	nm0676941	actor	\N	["Tjener"]
tt0000596	5	nm2160063	actor	\N	["Tjener"]
tt0000596	6	nm0814379	actress	\N	["Heksen"]
tt0000596	7	nm0488932	director	\N	\N
tt0000596	8	nm0026153	writer	from the story by	\N
tt0000596	9	nm0333175	cinematographer	cinematographer	\N
tt0000597	1	nm0558863	actress	\N	\N
tt0000597	2	nm0159015	director	\N	\N
tt0000597	3	nm0954087	director	\N	\N
tt0000598	1	nm0617588	actor	\N	["Hamlet"]
tt0000598	2	nm0617588	director	\N	\N
tt0000598	3	nm0000636	writer	play	\N
tt0000599	1	nm0333175	actor	\N	["Jæger"]
tt0000599	2	nm0488932	actor	\N	["Jæger"]
tt0000599	3	nm0647763	actor	\N	["Jæger"]
tt0000599	4	nm0647763	producer	producer	\N
tt0000599	5	nm0333175	cinematographer	cinematographer	\N
tt0000601	1	nm0691995	actress	\N	["Elsa"]
tt0000601	2	nm1917268	actor	\N	["Lohengrin"]
tt0000601	3	nm0691994	actor	\N	\N
tt0000601	4	nm0691994	director	\N	\N
tt0000601	5	nm0003471	writer	opera	\N
tt0000601	6	nm0582268	producer	producer	\N
tt0000602	1	nm0333175	actor	\N	\N
tt0000602	2	nm0488932	actor	\N	["Løvejæger"]
tt0000602	3	nm0525876	actor	\N	["Løvejæger"]
tt0000602	4	nm4572288	actor	\N	["Black Bearer"]
tt0000602	5	nm0488932	director	\N	\N
tt0000602	6	nm0630737	writer	\N	\N
tt0000602	7	nm0647763	producer	producer	\N
tt0000602	8	nm0333175	cinematographer	\N	\N
tt0000603	1	nm0085865	actor	\N	\N
tt0000603	2	nm0085865	director	\N	\N
tt0000603	3	nm0085865	producer	producer	\N
tt0000604	1	nm0488932	director	\N	\N
tt0000604	2	nm0333175	cinematographer	cinematographer	\N
tt0000604	3	nm0845662	cinematographer	\N	\N
tt0000604	4	nm0777939	production_designer	\N	\N
tt0000605	1	nm0676941	actor	\N	\N
tt0000605	2	nm0488932	director	\N	\N
tt0000605	3	nm1003261	writer	screenplay	\N
tt0000605	4	nm0333175	cinematographer	\N	\N
tt0000606	1	nm0038106	actress	\N	["Manicurist"]
tt0000606	2	nm0366008	actor	\N	["Messenger"]
tt0000606	3	nm0642722	actor	\N	["Waiter"]
tt0000606	4	nm0005658	cinematographer	\N	\N
tt0000606	5	nm0555522	cinematographer	\N	\N
tt0000607	1	nm0422930	actor	\N	\N
tt0000607	2	nm0944584	actress	\N	\N
tt0000607	3	nm0194088	director	\N	\N
tt0000607	4	nm0194088	writer	\N	\N
tt0000608	1	nm0380965	actor	\N	\N
tt0000608	2	nm0488932	director	\N	\N
tt0000608	3	nm0333175	cinematographer	cinematographer	\N
tt0000609	1	nm0215516	actor	\N	["Othello"]
tt0000609	2	nm0143332	actress	\N	["Desdemona"]
tt0000609	3	nm0143333	actor	\N	["Iago"]
tt0000609	4	nm0624446	actress	\N	\N
tt0000609	5	nm0143333	director	\N	\N
tt0000609	6	nm0892614	director	\N	\N
tt0000609	7	nm0000636	writer	play "Othello"	\N
tt0000609	8	nm1135106	cinematographer	\N	\N
tt0000610	1	nm0691994	actor	\N	["Othello"]
tt0000610	2	nm0691995	actress	\N	["Desdemona"]
tt0000610	3	nm0691996	actress	\N	["Emilia"]
tt0000610	4	nm0691994	director	\N	\N
tt0000610	5	nm0000636	writer	play	\N
tt0000610	6	nm0582268	producer	producer	\N
tt0000611	1	nm0098376	actor	\N	\N
tt0000611	2	nm0366609	actress	\N	\N
tt0000611	3	nm0764346	actor	\N	\N
tt0000611	4	nm0011370	actress	\N	\N
tt0000611	5	nm0599781	actor	\N	\N
tt0000611	6	nm1320386	actor	\N	\N
tt0000611	7	nm0502752	actor	\N	\N
tt0000611	8	nm0091767	director	\N	\N
tt0000611	9	nm0783152	producer	producer	\N
tt0000611	10	nm0189000	cinematographer	\N	\N
tt0000612	1	nm0005717	director	\N	\N
tt0000612	2	nm0005717	cinematographer	\N	\N
tt0000613	1	nm1729031	actress	\N	["Casal Fugitivo"]
tt0000613	2	nm0495051	actor	\N	["Casal Fugitivo"]
tt0000613	3	nm0272889	actor	\N	["Policia Salalidade"]
tt0000613	4	nm1728086	actor	\N	\N
tt0000613	5	nm1726962	actor	\N	\N
tt0000613	6	nm0274368	actor	\N	\N
tt0000613	7	nm1209346	actor	\N	\N
tt0000613	8	nm0274368	director	\N	\N
tt0000613	9	nm0180860	cinematographer	\N	\N
tt0000614	1	nm0558863	actress	\N	\N
tt0000614	2	nm0159015	writer	\N	\N
tt0000615	1	nm3071427	actor	\N	["Warrigal"]
tt0000615	2	nm0581353	actor	\N	["Warder"]
tt0000615	3	nm0888988	actor	\N	["Inspector of Police"]
tt0000615	4	nm0240418	actor	\N	["Trooper"]
tt0000615	5	nm0346387	actor	\N	["Curate"]
tt0000615	6	nm0218953	actress	\N	\N
tt0000615	7	nm0533958	director	\N	\N
tt0000615	8	nm0092809	writer	novel	\N
tt0000615	9	nm0533958	writer	\N	\N
tt0000615	10	nm0167619	cinematographer	\N	\N
tt0000615	11	nm0240418	cinematographer	\N	\N
tt0000616	1	nm0005717	director	\N	\N
tt0000616	2	nm0005717	cinematographer	\N	\N
tt0000617	1	nm0676941	actor	\N	["Roever, cowboy"]
tt0000617	2	nm0623866	actress	\N	["Roeverens kone"]
tt0000617	3	nm0488932	actor	\N	\N
tt0000617	4	nm0022608	actress	\N	\N
tt0000617	5	nm0488932	director	\N	\N
tt0000617	6	nm0630737	writer	\N	\N
tt0000617	7	nm0333175	cinematographer	cinematographer	\N
tt0000617	8	nm0470250	production_designer	\N	\N
tt0000618	1	nm0453315	actor	\N	["Salapolttaja"]
tt0000618	2	nm0700930	actor	\N	["Junkkari"]
tt0000618	3	nm0706854	actor	\N	["Salapolttaja"]
tt0000618	4	nm0712213	actor	\N	["Nimismiehen apulainen"]
tt0000618	5	nm0811083	actor	\N	["Nimismies"]
tt0000618	6	nm0700930	director	\N	\N
tt0000618	7	nm0817086	director	\N	\N
tt0000618	8	nm0817086	writer	\N	\N
tt0000618	9	nm0882755	writer	\N	\N
tt0000618	10	nm0836650	producer	producer	\N
tt0000618	11	nm0257788	cinematographer	\N	\N
tt0000619	1	nm0229900	cinematographer	\N	\N
tt0000620	1	nm0488932	actor	\N	\N
tt0000620	2	nm0488932	director	\N	\N
tt0000620	3	nm0333175	cinematographer	cinematographer	\N
tt0000621	1	nm2140812	actor	\N	["Uncle"]
tt0000621	2	nm0693275	actress	\N	["Nephew"]
tt0000621	3	nm0280432	director	\N	\N
tt0000621	4	nm0378408	producer	producer	\N
tt0000622	1	nm0059578	actress	\N	\N
tt0000622	2	nm0347565	actor	\N	\N
tt0000622	3	nm0347571	actress	\N	\N
tt0000622	4	nm0422930	actor	\N	\N
tt0000622	5	nm0520648	actress	\N	\N
tt0000622	6	nm0194088	director	\N	\N
tt0000622	7	nm0005717	director	\N	\N
tt0000622	8	nm0005717	writer	\N	\N
tt0000622	9	nm0347320	writer	play "Terra baixa"	\N
tt0000622	10	nm0005717	cinematographer	\N	\N
tt0000623	1	nm0488932	director	\N	\N
tt0000623	2	nm0333175	cinematographer	cinematographer	\N
tt0000624	1	nm0298301	actress	\N	\N
tt0000625	1	nm0005717	director	\N	\N
tt0000625	2	nm0005717	cinematographer	\N	\N
tt0000626	1	nm0642722	actor	\N	["Ole"]
tt0000626	2	nm0005658	cinematographer	\N	\N
tt0000627	1	nm0226992	actor	\N	["Husband"]
tt0000627	2	nm0000428	actor	\N	["Lover"]
tt0000627	3	nm0642722	actor	\N	["Wedding Guest"]
tt0000627	4	nm0813603	actor	\N	["Wedding Guest"]
tt0000627	5	nm0567363	director	\N	\N
tt0000627	6	nm0000428	writer	writer	\N
tt0000627	7	nm0005658	cinematographer	\N	\N
tt0000628	1	nm0424530	actor	\N	["Father"]
tt0000628	2	nm0038106	actress	\N	["Mother"]
tt0000628	3	nm0250676	actress	\N	["Dollie"]
tt0000628	4	nm0409390	actor	\N	["Gypsy"]
tt0000628	5	nm1265835	actress	\N	["Gypsy's Wife"]
tt0000628	6	nm0000428	director	\N	\N
tt0000628	7	nm0853193	writer	writer	\N
tt0000628	8	nm0555522	cinematographer	\N	\N
tt0000629	1	nm0409390	actor	\N	["John Davis"]
tt0000629	2	nm0492757	actress	\N	["Mrs. John Davis"]
tt0000629	3	nm0813603	actor	\N	["Tom Foster"]
tt0000629	4	nm0250676	actress	\N	["The Davis' Daughter"]
tt0000629	5	nm0038106	actress	\N	\N
tt0000629	6	nm0226992	actor	\N	\N
tt0000629	7	nm0311375	actor	\N	["Sailor"]
tt0000629	8	nm0424530	actor	\N	["Member of the Rescue Rarty"]
tt0000629	9	nm0697944	actor	\N	\N
tt0000629	10	nm0784407	actor	\N	["Sailor"]
tt0000629	11	nm0784407	actor	\N	["Member of the Rescue Party"]
tt0000629	12	nm0000428	director	\N	\N
tt0000629	13	nm0855139	writer	story "Enoch Arden"	\N
tt0000629	14	nm0940488	writer	writer	\N
tt0000629	15	nm0005658	cinematographer	\N	\N
tt0000629	16	nm0555522	cinematographer	\N	\N
tt0000630	1	nm0624446	actress	\N	["Ofelia"]
tt0000630	2	nm0143333	director	\N	\N
tt0000630	3	nm0000636	writer	play "Hamlet"	\N
tt0000630	4	nm0209738	producer	producer	\N
tt0000631	1	nm0173774	director	\N	\N
tt0000631	2	nm0000636	writer	play "Hamlet"	\N
tt0000632	1	nm0038260	actor	\N	\N
tt0000632	2	nm0140054	actor	\N	\N
tt0000632	3	nm0346090	actress	\N	\N
tt0000632	4	nm0582380	actress	\N	\N
tt0000632	5	nm0592634	actress	\N	\N
tt0000632	6	nm0651029	actor	\N	\N
tt0000632	7	nm0802955	actor	\N	\N
tt0000632	8	nm0900293	actor	\N	\N
tt0000632	9	nm0005717	director	\N	\N
tt0000632	10	nm0005717	writer	writer	\N
tt0000632	11	nm0900293	writer	play	\N
tt0000632	12	nm0005717	cinematographer	\N	\N
tt0000633	1	nm0294276	director	director	\N
tt0000633	2	nm0378408	producer	producer	\N
tt0000634	1	nm0007221	actor	\N	["Marc Antony"]
tt0000634	2	nm0492757	actress	\N	["Cleopatra"]
tt0000634	3	nm0710362	actor	\N	["Octavius Caesar"]
tt0000634	4	nm0152323	actor	\N	["Mark Anthony"]
tt0000634	5	nm0448667	actress	\N	["Cleopatra"]
tt0000634	6	nm0680887	actor	\N	["Octavius Caesar"]
tt0000634	7	nm0659947	actor	\N	["Lieutenant to Octavius Caesar"]
tt0000634	8	nm0085865	director	\N	\N
tt0000634	9	nm0448682	director	\N	\N
tt0000634	10	nm0000636	writer	play	\N
tt0000634	11	nm0085865	producer	producer	\N
tt0000636	1	nm0310155	actress	\N	\N
tt0000636	2	nm0119138	director	\N	\N
tt0000636	3	nm0310155	writer	writer	\N
tt0000636	4	nm0000636	writer	play	\N
tt0000637	1	nm0494039	actor	\N	["Henri III"]
tt0000637	2	nm0483056	actor	\N	["Le duc de Guise"]
tt0000637	3	nm0732264	actress	\N	["Marquise de Noirmoutier, maîtresse du duc"]
tt0000637	4	nm0100664	actress	\N	["Le page"]
tt0000637	5	nm0029671	actor	\N	\N
tt0000637	6	nm0226387	actor	\N	\N
tt0000637	7	nm0240646	actress	\N	\N
tt0000637	8	nm0240647	actor	\N	\N
tt0000637	9	nm0521092	actor	\N	\N
tt0000637	10	nm0635615	actor	\N	\N
tt0000637	11	nm0491819	writer	writer	\N
tt0000637	12	nm11698541	producer	producer	\N
tt0000637	13	nm0480825	producer	producer	\N
tt0000637	14	nm1562759	producer	producer	\N
tt0000637	15	nm0006269	composer	\N	\N
tt0000637	16	nm0682660	cinematographer	\N	\N
tt0000637	17	nm0078096	production_designer	\N	\N
tt0000638	1	nm0038106	actress	\N	\N
tt0000638	2	nm0041669	actress	\N	["Daughter"]
tt0000638	3	nm0226992	actor	\N	["Manager"]
tt0000638	4	nm0000428	actor	\N	["Suitor"]
tt0000638	5	nm0366008	actor	\N	["Messenger"]
tt0000638	6	nm0409390	actor	\N	["Singer"]
tt0000638	7	nm0502701	actress	\N	["Daughter"]
tt0000638	8	nm0642722	actor	\N	["Theatre Patron"]
tt0000638	9	nm1266490	director	\N	\N
tt0000638	10	nm0000428	writer	writer	\N
tt0000638	11	nm0005658	cinematographer	\N	\N
tt0000638	12	nm0555522	cinematographer	\N	\N
tt0000639	1	nm0000428	actor	\N	["Husband"]
tt0000639	2	nm0038106	actress	\N	["Wife"]
tt0000639	3	nm0226992	actor	\N	["Extra"]
tt0000639	4	nm0366008	actor	\N	["Extra"]
tt0000639	5	nm0567363	director	\N	\N
tt0000639	6	nm0005658	cinematographer	\N	\N
tt0000640	1	nm0311375	actor	\N	["Matteo Rettazzi"]
tt0000640	2	nm0311375	actor	\N	["Policeman"]
tt0000640	3	nm0502701	actress	\N	["Fiammetta - Matteo's Wife"]
tt0000640	4	nm0813603	actor	\N	["Judge Mowbray"]
tt0000640	5	nm0492757	actress	\N	["Mrs. Mowbray"]
tt0000640	6	nm0250676	actress	\N	["The Mowbrays' Daughter"]
tt0000640	7	nm0038106	actress	\N	["The Maid"]
tt0000640	8	nm0054884	actress	\N	\N
tt0000640	9	nm0076202	actress	\N	\N
tt0000640	10	nm0115524	actress	\N	\N
tt0000640	11	nm0331049	actor	\N	\N
tt0000640	12	nm0000428	director	\N	\N
tt0000640	13	nm0000428	writer	writer	\N
tt0000640	14	nm0555522	cinematographer	\N	\N
tt0000641	1	nm0832840	actress	\N	["Artemesia Sophia Stebbins"]
tt0000641	2	nm0038106	actress	\N	\N
tt0000641	3	nm0311375	actor	\N	\N
tt0000641	4	nm0000428	actor	\N	\N
tt0000641	5	nm0366008	actor	\N	\N
tt0000641	6	nm0424530	actor	\N	\N
tt0000641	7	nm0784407	actor	\N	\N
tt0000641	8	nm0813603	actor	\N	\N
tt0000641	9	nm0000428	director	\N	\N
tt0000641	10	nm0000428	writer	writer	\N
tt0000641	11	nm0555522	cinematographer	\N	\N
tt0000642	1	nm0409390	actor	\N	["Bandit Leader"]
tt0000642	2	nm0038106	actress	\N	["Accomplice"]
tt0000642	3	nm0038106	actress	\N	["Woman at Inn"]
tt0000642	4	nm0502701	actress	\N	["Kidnapped Woman"]
tt0000642	5	nm0813603	actor	\N	["Police Sergeant"]
tt0000642	6	nm0424530	actor	\N	\N
tt0000642	7	nm0492757	actress	\N	\N
tt0000642	8	nm0000428	director	\N	\N
tt0000642	9	nm0000428	writer	writer	\N
tt0000642	10	nm0555522	cinematographer	\N	\N
tt0000643	1	nm0037789	actress	\N	\N
tt0000643	2	nm0832458	actress	\N	\N
tt0000643	3	nm0930504	actor	\N	\N
tt0000643	4	nm0085865	director	\N	\N
tt0000643	5	nm0926514	writer	poem	\N
tt0000643	6	nm0509478	writer	writer	\N
tt0000644	1	nm0492757	actress	\N	["Mrs. Bailey"]
tt0000644	2	nm0250676	actress	\N	["Mrs. Bailey's Daughter"]
tt0000644	3	nm0115524	actress	\N	\N
tt0000644	4	nm0311375	actor	\N	["Member of Audience"]
tt0000644	5	nm0311375	actor	\N	["Backstage Man"]
tt0000644	6	nm0366008	actor	\N	["Messenger"]
tt0000644	7	nm0409390	actor	\N	["Manager"]
tt0000644	8	nm0629589	actor	\N	["The Doctor"]
tt0000644	9	nm0784407	actor	\N	["Backstage Man"]
tt0000644	10	nm0000428	director	\N	\N
tt0000644	11	nm0000428	writer	writer	\N
tt0000644	12	nm0555522	cinematographer	\N	\N
tt0000645	1	nm0492757	actress	\N	["Myrtle Vane"]
tt0000645	2	nm0813603	actor	\N	["Mr. Wharton"]
tt0000645	3	nm0038106	actress	\N	["The Maid"]
tt0000645	4	nm0038106	actress	\N	["Party Guest"]
tt0000645	5	nm0115524	actress	\N	["Mrs. Wharton (unconfirmed)"]
tt0000645	6	nm0310155	actress	\N	["Party Guest"]
tt0000645	7	nm0311375	actor	\N	["The Palmister"]
tt0000645	8	nm0784407	actor	\N	["The Butler"]
tt0000645	9	nm0000428	director	\N	\N
tt0000645	10	nm0000428	writer	writer	\N
tt0000645	11	nm0005658	cinematographer	\N	\N
tt0000645	12	nm0555522	cinematographer	\N	\N
tt0000646	1	nm0666972	producer	producer	\N
tt0000647	1	nm1458507	actor	\N	\N
tt0000647	2	nm1459190	actor	\N	\N
tt0000647	3	nm0333175	cinematographer	cinematographer	\N
tt0000648	1	nm0226992	actor	\N	["Mike"]
tt0000648	2	nm0311375	actor	\N	["The Black Viper"]
tt0000648	3	nm0000428	actor	\N	["Rescuer"]
tt0000648	4	nm0642722	actor	\N	["Gang Member"]
tt0000648	5	nm0784407	actor	\N	["Rescuer"]
tt0000648	6	nm0000428	director	\N	\N
tt0000648	7	nm1266490	director	\N	\N
tt0000648	8	nm0005658	cinematographer	\N	\N
tt0000648	9	nm0555522	cinematographer	\N	\N
tt0000649	1	nm0226992	actor	\N	["Father"]
tt0000649	2	nm0366008	actor	\N	["Son"]
tt0000649	3	nm0567363	director	\N	\N
tt0000649	4	nm0005658	cinematographer	\N	\N
tt0000650	1	nm0644728	actor	\N	\N
tt0000650	2	nm0697944	actor	\N	\N
tt0000650	3	nm0692105	director	\N	\N
tt0000650	4	nm0169009	writer	writer	\N
tt0000650	5	nm0035502	cinematographer	cinematographer	\N
tt0000650	6	nm0692105	cinematographer	\N	\N
tt0000651	1	nm0366008	actor	\N	["Swifty"]
tt0000651	2	nm0226992	actor	\N	["Villain"]
tt0000651	3	nm0567363	director	\N	\N
tt0000651	4	nm0005658	cinematographer	\N	\N
tt0000653	1	nm0813603	actor	\N	["Frank"]
tt0000653	2	nm0038106	actress	\N	["Jennie"]
tt0000653	3	nm0409390	actor	\N	["Jennie's Father"]
tt0000653	4	nm0311375	actor	\N	["Bill - a Thief"]
tt0000653	5	nm0173994	actor	\N	\N
tt0000653	6	nm0000428	actor	\N	["Policeman"]
tt0000653	7	nm0366008	actor	\N	["Bellboy"]
tt0000653	8	nm0642722	actor	\N	\N
tt0000653	9	nm0000428	director	\N	\N
tt0000653	10	nm0000428	writer	writer	\N
tt0000653	11	nm0005658	cinematographer	\N	\N
tt0000653	12	nm0555522	cinematographer	\N	\N
tt0000654	1	nm0409390	actor	\N	["George Redfeather"]
tt0000654	2	nm0813603	actor	\N	["Lieutenant Penrose"]
tt0000654	3	nm0492757	actress	\N	["Gladys Penrose"]
tt0000654	4	nm0311375	actor	\N	["Indian Agent"]
tt0000654	5	nm0311375	actor	\N	["Indian"]
tt0000654	6	nm0173994	actor	\N	["Chinese Servant"]
tt0000654	7	nm0331049	actor	\N	\N
tt0000654	8	nm0424530	actor	\N	["Party Guest"]
tt0000654	9	nm0424530	actor	\N	["Indian"]
tt0000654	10	nm0568282	actress	\N	["Party Guest"]
tt0000654	11	nm0784407	actor	\N	["Party Guest"]
tt0000654	12	nm0784407	actor	\N	["Indian"]
tt0000654	13	nm0000428	director	\N	\N
tt0000654	14	nm0000428	writer	writer	\N
tt0000654	15	nm0555522	cinematographer	\N	\N
tt0000655	1	nm0097743	actor	\N	\N
tt0000655	2	nm0166153	actress	\N	\N
tt0000655	3	nm0201558	actor	\N	\N
tt0000655	4	nm0346933	actor	\N	\N
tt0000655	5	nm0554499	actor	\N	\N
tt0000655	6	nm0699710	actor	\N	\N
tt0000655	7	nm0802955	actor	\N	\N
tt0000655	8	nm0900293	actor	\N	\N
tt0000655	9	nm0005717	director	\N	\N
tt0000655	10	nm0005717	writer	writer	\N
tt0000655	11	nm0005717	cinematographer	\N	\N
tt0000656	1	nm0600341	director	\N	\N
tt0000656	2	nm0024464	producer	producer	\N
tt0000656	3	nm0600341	cinematographer	\N	\N
tt0000657	1	nm0005717	director	\N	\N
tt0000657	2	nm0005717	cinematographer	\N	\N
tt0000658	1	nm0169871	director	\N	\N
tt0000659	1	nm0000428	actor	\N	["Paddy - the Policeman"]
tt0000659	2	nm0226992	actor	\N	["Rent Collector"]
tt0000659	3	nm0567363	director	\N	\N
tt0000659	4	nm0005658	cinematographer	\N	\N
tt0000660	1	nm0492757	actress	\N	["Mrs. Martin"]
tt0000660	2	nm0214651	actress	\N	["Margie - Mrs. Martin's Daughter"]
tt0000660	3	nm0409390	actor	\N	["Mike McLaren"]
tt0000660	4	nm0173994	actor	\N	\N
tt0000660	5	nm0250676	actress	\N	\N
tt0000660	6	nm0311375	actor	\N	["One of Mike's Assistants"]
tt0000660	7	nm0424530	actor	\N	["One of Mike's Assistants"]
tt0000660	8	nm0502701	actress	\N	["Customer"]
tt0000660	9	nm0534221	actress	\N	["Customer"]
tt0000660	10	nm0601962	actor	\N	["Customer"]
tt0000660	11	nm0000428	director	\N	\N
tt0000660	12	nm0000428	writer	writer	\N
tt0000660	13	nm0005658	cinematographer	\N	\N
tt0000661	1	nm0617588	actor	\N	["Druid"]
tt0000661	2	nm0617588	actor	\N	["Judge in the Spanish Inquisition"]
tt0000661	3	nm0617588	director	\N	\N
tt0000662	1	nm0226992	actor	\N	["A Classmate"]
tt0000662	2	nm0038106	actress	\N	["Extra"]
tt0000662	3	nm0000428	actor	\N	["Extra"]
tt0000662	4	nm0567363	director	\N	\N
tt0000662	5	nm0005658	cinematographer	\N	\N
tt0000662	6	nm0555522	cinematographer	\N	\N
tt0000663	1	nm0492757	actress	\N	["Bridget"]
tt0000663	2	nm0492757	actress	\N	["Dinner Guest"]
tt0000663	3	nm0038106	actress	\N	["Dinner Guest"]
tt0000663	4	nm0173994	actor	\N	\N
tt0000663	5	nm0311375	actor	\N	["Waiter"]
tt0000663	6	nm0366008	actor	\N	["Man on Street"]
tt0000663	7	nm0424530	actor	\N	["Dinner Guest"]
tt0000663	8	nm0424530	actor	\N	["Moneylender"]
tt0000663	9	nm0534221	actress	\N	["Dinner Guest"]
tt0000663	10	nm0784407	actor	\N	["Dinner Guest"]
tt0000663	11	nm0784407	actor	\N	["Policeman"]
tt0000663	12	nm0813603	actor	\N	["Man on Street"]
tt0000663	13	nm0000428	director	\N	\N
tt0000663	14	nm0000428	writer	writer	\N
tt0000663	15	nm0005658	cinematographer	\N	\N
tt0000664	1	nm0086982	actor	\N	\N
tt0000664	2	nm0198154	actor	\N	\N
tt0000664	3	nm0549760	actor	\N	\N
tt0000664	4	nm0687752	actor	\N	\N
tt0000664	5	nm0005717	director	\N	\N
tt0000664	6	nm0005717	writer	screenplay	\N
tt0000664	7	nm0005717	cinematographer	\N	\N
tt0000665	1	nm0424530	actor	\N	["Mr. Brown"]
tt0000665	2	nm0492757	actress	\N	["Mrs. Brown"]
tt0000665	3	nm0813603	actor	\N	["Mr. Wells"]
tt0000665	4	nm0038106	actress	\N	\N
tt0000665	5	nm0311375	actor	\N	["Dinner Guest"]
tt0000665	6	nm0366008	actor	\N	["Valet"]
tt0000665	7	nm0534221	actress	\N	["Dinner Guest"]
tt0000665	8	nm0784407	actor	\N	["The Waiter"]
tt0000665	9	nm0784407	actor	\N	["A Policeman"]
tt0000665	10	nm0000428	director	\N	\N
tt0000665	11	nm0000428	writer	writer	\N
tt0000665	12	nm0005658	cinematographer	\N	\N
tt0000666	1	nm0005717	director	\N	\N
tt0000666	2	nm0005717	cinematographer	\N	\N
tt0000667	1	nm0005717	director	\N	\N
tt0000667	2	nm0005717	cinematographer	\N	\N
tt0000668	1	nm0098376	actor	\N	["Edmond Dantes"]
tt0000668	2	nm0091767	actor	\N	\N
tt0000668	3	nm0091767	director	\N	\N
tt0000668	4	nm0675544	director	\N	\N
tt0000668	5	nm0241416	writer	novel	\N
tt0000668	6	nm0783152	producer	producer	\N
tt0000668	7	nm0675544	cinematographer	\N	\N
tt0000669	1	nm0384754	actress	\N	["Cupid"]
tt0000669	2	nm1866776	actor	\N	\N
tt0000669	3	nm0615155	actress	\N	["Woman"]
tt0000669	4	nm1670497	actor	\N	\N
tt0000669	5	nm0768187	actress	\N	\N
tt0000669	6	nm0000428	actor	\N	["Extra at Ball"]
tt0000669	7	nm0205986	director	\N	\N
tt0000669	8	nm0692105	cinematographer	\N	\N
tt0000670	1	nm0140054	actor	\N	\N
tt0000670	2	nm0872279	actor	\N	\N
tt0000670	3	nm0194088	director	\N	\N
tt0000670	4	nm0148859	writer	novella	\N
tt0000670	5	nm0194088	writer	writer	\N
tt0000671	1	nm0691995	actress	\N	\N
tt0000671	2	nm0691994	director	\N	\N
tt0000671	3	nm0582268	producer	producer	\N
tt0000672	1	nm0813603	actor	\N	["Harold Thornton"]
tt0000672	2	nm0568282	actress	\N	["Mrs. Harold Thornton"]
tt0000672	3	nm0311375	actor	\N	["The Devil"]
tt0000672	4	nm0424530	actor	\N	["The Wife's Companion"]
tt0000672	5	nm0492757	actress	\N	["A Model"]
tt0000672	6	nm0784407	actor	\N	["The Waiter"]
tt0000672	7	nm0000428	actor	\N	\N
tt0000672	8	nm0534221	actress	\N	\N
tt0000672	9	nm0000428	director	\N	\N
tt0000672	10	nm0000428	writer	writer	\N
tt0000672	11	nm0005658	cinematographer	\N	\N
tt0000673	1	nm0140054	actor	\N	\N
tt0000673	2	nm0302647	actor	\N	["Lázaro"]
tt0000673	3	nm0422930	actor	\N	["Melchor"]
tt0000673	4	nm0802950	actor	\N	\N
tt0000673	5	nm0802955	actor	\N	\N
tt0000673	6	nm0900293	actor	\N	\N
tt0000673	7	nm0005717	director	\N	\N
tt0000673	8	nm0422930	director	\N	\N
tt0000673	9	nm0271357	writer	play	\N
tt0000673	10	nm0005717	writer	writer	\N
tt0000673	11	nm0005717	cinematographer	\N	\N
tt0000674	1	nm0735618	actor	\N	["Don Juan Tenorio"]
tt0000674	2	nm0063413	director	\N	\N
tt0000674	3	nm0550220	director	\N	\N
tt0000674	4	nm0063413	writer	writer	\N
tt0000674	5	nm0550220	writer	writer	\N
tt0000674	6	nm0957979	writer	play	\N
tt0000674	7	nm0063413	cinematographer	\N	\N
tt0000675	1	nm0194088	director	\N	\N
tt0000675	2	nm0148859	writer	novel	\N
tt0000676	1	nm0097421	actor	\N	\N
tt0000676	2	nm0140054	actor	\N	\N
tt0000676	3	nm0194088	director	\N	\N
tt0000676	4	nm0729044	writer	play	\N
tt0000676	5	nm0194088	cinematographer	\N	\N
tt0000677	1	nm0007221	actor	\N	\N
tt0000677	2	nm0644728	actor	\N	\N
tt0000677	3	nm0697944	actor	\N	\N
tt0000677	4	nm0877550	actress	\N	\N
tt0000677	5	nm0692105	director	\N	\N
tt0000677	6	nm0692105	writer	scenario	\N
tt0000678	1	nm0005717	director	\N	\N
tt0000678	2	nm0005717	writer	writer	\N
tt0000678	3	nm0005717	cinematographer	\N	\N
tt0000679	1	nm0000875	actor	\N	["The Wizard of Oz Man"]
tt0000679	2	nm0122665	actor	\N	["His Majesty the Scarecrow"]
tt0000679	3	nm0122665	actor	\N	["Para Bruin - the Rubber Bear"]
tt0000679	4	nm0933446	actor	\N	["Nick Chopper - Tin Woodman"]
tt0000679	5	nm0933446	actor	\N	["The White Rabbit"]
tt0000679	6	nm2924919	actor	\N	["Tik-Tok - the Machine Man"]
tt0000679	7	nm2924347	actor	\N	["Jack Pumpkinhead - whose Brains are Seeds"]
tt0000679	8	nm2922906	actor	\N	["The Nome King - Master of Enchantments"]
tt0000679	9	nm0607349	actor	\N	["Tip"]
tt0000679	10	nm2924736	actor	\N	["Prince Evring of Ev"]
tt0000679	11	nm2923902	actor	\N	["The Wizard"]
tt0000679	12	nm0775422	actor	\N	["The Cowardly Lion"]
tt0000679	13	nm0775422	actor	\N	["John Dough - the Gingerbread Man"]
tt0000679	14	nm0091767	director	\N	\N
tt0000679	15	nm0877783	director	director	\N
tt0000679	16	nm0000875	writer	novels "The Wonderful Wizard of Oz", "The Marvelous Land of Oz", "John Dough and the Cherub" and "Ozma of Oz"	\N
tt0000679	17	nm0877783	writer	writer	\N
tt0000679	18	nm0000875	producer	producer	\N
tt0000679	19	nm0877783	producer	producer	\N
tt0000679	20	nm0542903	composer	\N	\N
tt0000680	1	nm0226992	actor	\N	["Inventor"]
tt0000680	2	nm0000428	actor	\N	["Cop in Court"]
tt0000680	3	nm0567363	director	director	\N
tt0000680	4	nm0005658	cinematographer	\N	\N
tt0000681	1	nm0813603	actor	\N	["Prison Guard"]
tt0000681	2	nm0000428	actor	\N	["Prisoner"]
tt0000681	3	nm0642722	actor	\N	["Prisoner"]
tt0000681	4	nm0567363	director	\N	\N
tt0000681	5	nm0005658	cinematographer	\N	\N
tt0000682	1	nm0169871	director	\N	\N
tt0000682	2	nm0169871	producer	producer	\N
tt0000683	1	nm0311375	actor	\N	["Hendricks"]
tt0000683	2	nm0813603	actor	\N	["Pong Lee"]
tt0000683	3	nm0038106	actress	\N	["Kidnapped Woman"]
tt0000683	4	nm0041669	actress	\N	\N
tt0000683	5	nm0331049	actor	\N	\N
tt0000683	6	nm0000428	actor	\N	["Policeman"]
tt0000683	7	nm0502701	actress	\N	["Detective"]
tt0000683	8	nm0534221	actress	\N	\N
tt0000683	9	nm0642722	actor	\N	["Chinese Driver"]
tt0000683	10	nm0784407	actor	\N	["Policeman"]
tt0000683	11	nm0000428	director	\N	\N
tt0000683	12	nm0000428	writer	writer	\N
tt0000683	13	nm0692105	producer	producer	\N
tt0000683	14	nm0555522	cinematographer	\N	\N
tt0000684	1	nm0784407	actor	\N	["Bill Wilkins"]
tt0000684	2	nm0813603	actor	\N	["Wilkins' Son"]
tt0000684	3	nm0311375	actor	\N	["Professor Dyem"]
tt0000684	4	nm0311375	actor	\N	["First Couple"]
tt0000684	5	nm0038106	actress	\N	\N
tt0000684	6	nm0043018	actor	\N	["The Butler"]
tt0000684	7	nm0331049	actor	\N	\N
tt0000684	8	nm0409390	actor	\N	["Clumsy Waiter"]
tt0000684	9	nm0492757	actress	\N	["First Couple"]
tt0000684	10	nm0502701	actress	\N	\N
tt0000684	11	nm0534221	actress	\N	\N
tt0000684	12	nm0000428	director	\N	\N
tt0000684	13	nm0000428	writer	writer	\N
tt0000684	14	nm0005658	cinematographer	\N	\N
tt0000685	1	nm0813603	actor	\N	["Mr. Caufield"]
tt0000685	2	nm0038106	actress	\N	["Mrs. Caufield"]
tt0000685	3	nm0424530	actor	\N	["Colonel Wilkinson"]
tt0000685	4	nm0366008	actor	\N	["George Wilkinson"]
tt0000685	5	nm0311375	actor	\N	["Bobby Wilkinson as an Adult"]
tt0000685	6	nm0502701	actress	\N	["Nellie Caufield as an Adult"]
tt0000685	7	nm0732651	actress	\N	["Nellie Caufield as a Child"]
tt0000685	8	nm0492757	actress	\N	["Nellie Caufield's Sister"]
tt0000685	9	nm0102858	actress	\N	\N
tt0000685	10	nm0226992	actor	\N	\N
tt0000685	11	nm0000428	director	\N	\N
tt0000685	12	nm0000428	writer	writer	\N
tt0000685	13	nm0005658	cinematographer	\N	\N
tt0000685	14	nm0555522	cinematographer	\N	\N
tt0000686	1	nm0005717	director	\N	\N
tt0000686	2	nm0005717	writer	writer	\N
tt0000686	3	nm0005717	cinematographer	\N	\N
tt0000687	1	nm0646058	director	\N	\N
tt0000688	1	nm0298301	actress	\N	\N
tt0000688	2	nm0111753	director	\N	\N
tt0000689	1	nm0813603	actor	\N	["Thief"]
tt0000689	2	nm0813603	actor	\N	["Butler"]
tt0000689	3	nm0311375	actor	\N	["Thief"]
tt0000689	4	nm0331049	actor	\N	\N
tt0000689	5	nm0409390	actor	\N	\N
tt0000689	6	nm0000428	director	\N	\N
tt0000689	7	nm0000428	writer	writer	\N
tt0000689	8	nm0518711	writer	story "Just Meat"	\N
tt0000689	9	nm0555522	cinematographer	\N	\N
tt0000690	1	nm0409390	actor	\N	["Irving Robertson"]
tt0000690	2	nm0813603	actor	\N	["Frank Wilson"]
tt0000690	3	nm0311375	actor	\N	["Henderson - the Manager"]
tt0000690	4	nm0038106	actress	\N	["The Maid"]
tt0000690	5	nm0331049	actor	\N	\N
tt0000690	6	nm0424530	actor	\N	\N
tt0000690	7	nm0000428	director	\N	\N
tt0000690	8	nm0000428	writer	writer	\N
tt0000690	9	nm0555522	cinematographer	\N	\N
tt0000691	1	nm0187981	actor	\N	\N
tt0000692	1	nm0742958	actor	\N	\N
tt0000692	2	nm0349492	actor	\N	\N
tt0000692	3	nm0143083	actor	\N	\N
tt0000692	4	nm0303066	director	\N	\N
tt0000692	5	nm0303066	producer	producer	\N
tt0000693	1	nm0005717	director	\N	\N
tt0000693	2	nm0005717	writer	writer	\N
tt0000693	3	nm0005717	cinematographer	\N	\N
tt0000694	1	nm0409390	actor	\N	["Bill Preston"]
tt0000694	2	nm0813603	actor	\N	["Nellie's Father"]
tt0000694	3	nm0310155	actress	\N	["Nellie Carson"]
tt0000694	4	nm0311375	actor	\N	["Indian"]
tt0000694	5	nm0424530	actor	\N	["Indian"]
tt0000694	6	nm0492757	actress	\N	["Woman"]
tt0000694	7	nm0524306	actor	\N	\N
tt0000694	8	nm0784407	actor	\N	["Indian"]
tt0000694	9	nm0922044	actress	\N	\N
tt0000694	10	nm0000428	director	\N	\N
tt0000694	11	nm0000428	writer	writer	\N
tt0000694	12	nm0555522	cinematographer	\N	\N
tt0000695	1	nm0524306	actor	\N	["Jose"]
tt0000695	2	nm0424530	actor	\N	["Tom Berkeley"]
tt0000695	3	nm0502701	actress	\N	["Mildred West"]
tt0000695	4	nm0409390	actor	\N	["Bill Gates"]
tt0000695	5	nm0038106	actress	\N	["Woman on Street"]
tt0000695	6	nm0038106	actress	\N	["Party Guest"]
tt0000695	7	nm0115524	actress	\N	\N
tt0000695	8	nm0227021	actor	\N	\N
tt0000695	9	nm0311375	actor	\N	["Chinese Waiter"]
tt0000695	10	nm0311375	actor	\N	["Party Guest"]
tt0000695	11	nm0642722	actor	\N	["Bartender"]
tt0000695	12	nm0813603	actor	\N	["Kidnapper"]
tt0000695	13	nm0813603	actor	\N	["Party Guest"]
tt0000695	14	nm0000428	director	\N	\N
tt0000695	15	nm0000428	writer	writer	\N
tt0000695	16	nm0853193	writer	writer	\N
tt0000695	17	nm0555522	cinematographer	\N	\N
tt0000696	1	nm0602663	actor	\N	\N
tt0000696	2	nm0687752	actor	\N	\N
tt0000696	3	nm0697563	actor	\N	\N
tt0000696	4	nm1050849	actor	\N	\N
tt0000696	5	nm0005717	director	\N	\N
tt0000696	6	nm0005717	writer	screenplay	\N
tt0000696	7	nm0005717	cinematographer	\N	\N
tt0000697	1	nm0424530	actor	\N	["Jack Stanford"]
tt0000697	2	nm0922044	actress	\N	["Dorothy"]
tt0000697	3	nm0311375	actor	\N	["Confederate Soldier"]
tt0000697	4	nm0409390	actor	\N	["Servant"]
tt0000697	5	nm0601698	actor	\N	\N
tt0000697	6	nm0949133	actor	\N	\N
tt0000697	7	nm0784407	actor	\N	["Confederate Soldier"]
tt0000697	8	nm0784407	actor	\N	["Union Soldier"]
tt0000697	9	nm0813603	actor	\N	["Confederate Soldier"]
tt0000697	10	nm0813603	actor	\N	["Union Soldier"]
tt0000697	11	nm0000428	director	\N	\N
tt0000697	12	nm0000428	writer	writer	\N
tt0000697	13	nm0005658	cinematographer	\N	\N
tt0000697	14	nm0555522	cinematographer	\N	\N
tt0000698	1	nm0492757	actress	\N	["O'Yama"]
tt0000698	2	nm0311375	actor	\N	["O'Yama's Lover"]
tt0000698	3	nm0000428	actor	\N	["Footman"]
tt0000698	4	nm0629589	actor	\N	["Grand Daimio"]
tt0000698	5	nm0784407	actor	\N	["Footman"]
tt0000698	6	nm0813603	actor	\N	["Spy"]
tt0000698	7	nm0000428	director	\N	\N
tt0000698	8	nm0000428	writer	writer	\N
tt0000698	9	nm0366610	writer	novel	\N
tt0000698	10	nm0555522	cinematographer	\N	\N
tt0000699	1	nm0277411	actress	\N	["Mrs. Harcourt"]
tt0000699	2	nm0038106	actress	\N	["Daisy Harcourt"]
tt0000699	3	nm0376829	actress	\N	["Jessie Marshall"]
tt0000699	4	nm0813603	actor	\N	["Bill Wolfe"]
tt0000699	5	nm0424530	actor	\N	["Mr. Miller"]
tt0000699	6	nm0043018	actor	\N	["At Brothel"]
tt0000699	7	nm0311375	actor	\N	["The Man with the Letter"]
tt0000699	8	nm0311375	actor	\N	["At Brothel"]
tt0000699	9	nm0311375	actor	\N	["Wedding Guest"]
tt0000699	10	nm0366008	actor	\N	["Messenger"]
tt0000699	11	nm0409390	actor	\N	["At Brothel"]
tt0000699	12	nm0492757	actress	\N	["At Brothel"]
tt0000699	13	nm0492757	actress	\N	["Wedding Guest"]
tt0000699	14	nm0000428	director	\N	\N
tt0000699	15	nm0000428	writer	writer	\N
tt0000699	16	nm0555522	cinematographer	\N	\N
tt0000700	1	nm0000428	actor	\N	["Father"]
tt0000700	2	nm0366008	actor	\N	["Extra in Crowd"]
tt0000700	3	nm0567363	director	\N	\N
tt0000700	4	nm0005658	cinematographer	\N	\N
tt0000701	1	nm0226992	actor	\N	["Mr. Jones"]
tt0000701	2	nm0567363	director	\N	\N
tt0000701	3	nm0940488	writer	writer	\N
tt0000701	4	nm0005658	cinematographer	\N	\N
tt0000703	1	nm0226992	actor	\N	\N
tt0000703	2	nm0310155	actress	\N	["Hulda"]
tt0000703	3	nm0000428	actor	\N	["Handy Hank"]
tt0000703	4	nm0373341	actor	\N	\N
tt0000703	5	nm0642722	actor	\N	["Extra"]
tt0000703	6	nm0813603	actor	\N	["Extra"]
tt0000703	7	nm0567363	director	\N	\N
tt0000703	8	nm0310155	writer	writer	\N
tt0000703	9	nm0005658	cinematographer	\N	\N
tt0000704	1	nm0085865	director	\N	\N
tt0000704	2	nm0807236	director	\N	\N
tt0000704	3	nm0085865	writer	animated by	\N
tt0000704	4	nm0229900	cinematographer	\N	\N
tt0000705	1	nm0185426	director	\N	\N
tt0000705	2	nm0185426	cinematographer	\N	\N
tt0000705	3	nm0870831	cinematographer	\N	\N
tt0000706	1	nm0409390	actor	\N	["Ingomar"]
tt0000706	2	nm0813603	actor	\N	["Myron"]
tt0000706	3	nm0492757	actress	\N	["Parthenia"]
tt0000706	4	nm0311375	actor	\N	["Polydor - the Merchant"]
tt0000706	5	nm0038106	actress	\N	\N
tt0000706	6	nm0000428	actor	\N	\N
tt0000706	7	nm0424530	actor	\N	["Barbarian"]
tt0000706	8	nm0524306	actor	\N	\N
tt0000706	9	nm0784407	actor	\N	["Barbarian"]
tt0000706	10	nm0000428	director	\N	\N
tt0000706	11	nm0000428	writer	writer	\N
tt0000706	12	nm0786076	writer	novel	\N
tt0000706	13	nm0005658	cinematographer	\N	\N
tt0000707	1	nm0424530	actor	\N	["The Trapper"]
tt0000707	2	nm0492757	actress	\N	["The Trapper's Wife"]
tt0000707	3	nm0311375	actor	\N	["The Canuck"]
tt0000707	4	nm0949133	actor	\N	\N
tt0000707	5	nm0000428	director	\N	\N
tt0000707	6	nm0000428	writer	writer	\N
tt0000707	7	nm0005658	cinematographer	\N	\N
tt0000707	8	nm0555522	cinematographer	\N	\N
tt0000708	1	nm0226992	actor	\N	["Messenger"]
tt0000708	2	nm0000428	actor	\N	["Mailman"]
tt0000708	3	nm0642722	actor	\N	["Fruit Vendor"]
tt0000708	4	nm0784407	actor	\N	["Mover"]
tt0000708	5	nm0567363	director	\N	\N
tt0000708	6	nm0005658	cinematographer	\N	\N
tt0000709	1	nm0448682	actor	\N	["Julius Caesar"]
tt0000709	2	nm0790360	actor	\N	["First Citizen"]
tt0000709	3	nm0007221	actor	\N	\N
tt0000709	4	nm0710362	actor	\N	["Gaius Cassius"]
tt0000709	5	nm0492757	actress	\N	["Calpurnia"]
tt0000709	6	nm0659947	actor	\N	\N
tt0000709	7	nm0930504	actor	\N	["Marcus Brutus"]
tt0000709	8	nm0085865	director	\N	\N
tt0000709	9	nm0710362	director	\N	\N
tt0000709	10	nm0509478	writer	scenario	\N
tt0000709	11	nm0000636	writer	play	\N
tt0000709	12	nm0085865	producer	producer	\N
tt0000709	13	nm0710362	producer	producer	\N
tt0000711	1	nm0226992	actor	\N	["Ward Fatherly"]
tt0000711	2	nm0041669	actress	\N	\N
tt0000711	3	nm0000428	actor	\N	["Card Sharp"]
tt0000711	4	nm0311375	actor	\N	\N
tt0000711	5	nm0813603	actor	\N	\N
tt0000711	6	nm0784407	actor	\N	\N
tt0000711	7	nm0642722	actor	\N	\N
tt0000711	8	nm0012317	actor	\N	\N
tt0000711	9	nm1266490	actor	\N	\N
tt0000711	10	nm0897085	actor	\N	\N
tt0000711	11	nm0567363	director	\N	\N
tt0000711	12	nm2088653	writer	play	\N
tt0000711	13	nm0853193	writer	scenario	\N
tt0000711	14	nm0005658	cinematographer	\N	\N